State_Tribe_Territory,County_Name,FIPS_State,FIPS_County,date,order_code,Face_Masks_Required_in_Public,Source_of_Action,URL,Citation
NY,New York County,36,61,4/10/2020,2,NA,NA,NA,NA
NY,New York County,36,61,4/11/2020,2,NA,NA,NA,NA
NY,New York County,36,61,4/12/2020,2,NA,NA,NA,NA
NY,New York County,36,61,4/13/2020,2,NA,NA,NA,NA
NY,New York County,36,61,4/14/2020,2,NA,NA,NA,NA
NY,New York County,36,61,4/15/2020,2,NA,NA,NA,NA
NY,New York County,36,61,4/16/2020,2,NA,NA,NA,NA
NY,New York County,36,61,4/17/2020,1,Yes,Official,https://www.governor.ny.gov/news/no-20217-continuing-temporary-suspension-and-modification-laws-relating-disaster-emergency,"N.Y. Exec. Order No. 202.17 (Apr. 15, 2020)"
NY,New York County,36,61,4/18/2020,1,Yes,Official,https://www.governor.ny.gov/news/no-20217-continuing-temporary-suspension-and-modification-laws-relating-disaster-emergency,"N.Y. Exec. Order No. 202.17 (Apr. 15, 2020)"
NY,New York County,36,61,4/19/2020,1,Yes,Official,https://www.governor.ny.gov/news/no-20217-continuing-temporary-suspension-and-modification-laws-relating-disaster-emergency,"N.Y. Exec. Order No. 202.17 (Apr. 15, 2020)"
NY,New York County,36,61,4/20/2020,1,Yes,Official,https://www.governor.ny.gov/news/no-20217-continuing-temporary-suspension-and-modification-laws-relating-disaster-emergency,"N.Y. Exec. Order No. 202.17 (Apr. 15, 2020)"
NY,New York County,36,61,4/21/2020,1,Yes,Official,https://www.governor.ny.gov/news/no-20217-continuing-temporary-suspension-and-modification-laws-relating-disaster-emergency,"N.Y. Exec. Order No. 202.17 (Apr. 15, 2020)"
NY,New York County,36,61,4/22/2020,1,Yes,Official,https://www.governor.ny.gov/news/no-20217-continuing-temporary-suspension-and-modification-laws-relating-disaster-emergency,"N.Y. Exec. Order No. 202.17 (Apr. 15, 2020)"
NY,New York County,36,61,4/23/2020,1,Yes,Official,https://www.governor.ny.gov/news/no-20217-continuing-temporary-suspension-and-modification-laws-relating-disaster-emergency,"N.Y. Exec. Order No. 202.17 (Apr. 15, 2020)"
NY,New York County,36,61,4/24/2020,1,Yes,Official,https://www.governor.ny.gov/news/no-20217-continuing-temporary-suspension-and-modification-laws-relating-disaster-emergency,"N.Y. Exec. Order No. 202.17 (Apr. 15, 2020)"
NY,New York County,36,61,4/25/2020,1,Yes,Official,https://www.governor.ny.gov/news/no-20217-continuing-temporary-suspension-and-modification-laws-relating-disaster-emergency,"N.Y. Exec. Order No. 202.17 (Apr. 15, 2020)"
NY,New York County,36,61,4/26/2020,1,Yes,Official,https://www.governor.ny.gov/news/no-20217-continuing-temporary-suspension-and-modification-laws-relating-disaster-emergency,"N.Y. Exec. Order No. 202.17 (Apr. 15, 2020)"
NY,New York County,36,61,4/27/2020,1,Yes,Official,https://www.governor.ny.gov/news/no-20217-continuing-temporary-suspension-and-modification-laws-relating-disaster-emergency,"N.Y. Exec. Order No. 202.17 (Apr. 15, 2020)"
NY,New York County,36,61,4/28/2020,1,Yes,Official,https://www.governor.ny.gov/news/no-20217-continuing-temporary-suspension-and-modification-laws-relating-disaster-emergency,"N.Y. Exec. Order No. 202.17 (Apr. 15, 2020)"
NY,New York County,36,61,4/29/2020,1,Yes,Official,https://www.governor.ny.gov/news/no-20217-continuing-temporary-suspension-and-modification-laws-relating-disaster-emergency,"N.Y. Exec. Order No. 202.17 (Apr. 15, 2020)"
NY,New York County,36,61,4/30/2020,1,Yes,Official,https://www.governor.ny.gov/news/no-20217-continuing-temporary-suspension-and-modification-laws-relating-disaster-emergency,"N.Y. Exec. Order No. 202.17 (Apr. 15, 2020)"
NY,New York County,36,61,5/1/2020,1,Yes,Official,https://www.governor.ny.gov/news/no-20217-continuing-temporary-suspension-and-modification-laws-relating-disaster-emergency,"N.Y. Exec. Order No. 202.17 (Apr. 15, 2020)"
NY,New York County,36,61,5/2/2020,1,Yes,Official,https://www.governor.ny.gov/news/no-20217-continuing-temporary-suspension-and-modification-laws-relating-disaster-emergency,"N.Y. Exec. Order No. 202.17 (Apr. 15, 2020)"
NY,New York County,36,61,5/3/2020,1,Yes,Official,https://www.governor.ny.gov/news/no-20217-continuing-temporary-suspension-and-modification-laws-relating-disaster-emergency,"N.Y. Exec. Order No. 202.17 (Apr. 15, 2020)"
NY,New York County,36,61,5/4/2020,1,Yes,Official,https://www.governor.ny.gov/news/no-20217-continuing-temporary-suspension-and-modification-laws-relating-disaster-emergency,"N.Y. Exec. Order No. 202.17 (Apr. 15, 2020)"
NY,New York County,36,61,5/5/2020,1,Yes,Official,https://www.governor.ny.gov/news/no-20217-continuing-temporary-suspension-and-modification-laws-relating-disaster-emergency,"N.Y. Exec. Order No. 202.17 (Apr. 15, 2020)"
NY,New York County,36,61,5/6/2020,1,Yes,Official,https://www.governor.ny.gov/news/no-20217-continuing-temporary-suspension-and-modification-laws-relating-disaster-emergency,"N.Y. Exec. Order No. 202.17 (Apr. 15, 2020)"
NY,New York County,36,61,5/7/2020,1,Yes,Official,https://www.governor.ny.gov/news/no-20217-continuing-temporary-suspension-and-modification-laws-relating-disaster-emergency,"N.Y. Exec. Order No. 202.17 (Apr. 15, 2020)"
NY,New York County,36,61,5/8/2020,1,Yes,Official,https://www.governor.ny.gov/news/no-20229-continuing-temporary-suspension-and-modification-laws-relating-disaster-emergency,"N.Y. Exec. Order No. 202.29 (May 8, 2020)"
NY,New York County,36,61,5/9/2020,1,Yes,Official,https://www.governor.ny.gov/news/no-20229-continuing-temporary-suspension-and-modification-laws-relating-disaster-emergency,"N.Y. Exec. Order No. 202.29 (May 8, 2020)"
NY,New York County,36,61,5/10/2020,1,Yes,Official,https://www.governor.ny.gov/news/no-20229-continuing-temporary-suspension-and-modification-laws-relating-disaster-emergency,"N.Y. Exec. Order No. 202.29 (May 8, 2020)"
NY,New York County,36,61,5/11/2020,1,Yes,Official,https://www.governor.ny.gov/news/no-20229-continuing-temporary-suspension-and-modification-laws-relating-disaster-emergency,"N.Y. Exec. Order No. 202.29 (May 8, 2020)"
NY,New York County,36,61,5/12/2020,1,Yes,Official,https://www.governor.ny.gov/news/no-20229-continuing-temporary-suspension-and-modification-laws-relating-disaster-emergency,"N.Y. Exec. Order No. 202.29 (May 8, 2020)"
NY,New York County,36,61,5/13/2020,1,Yes,Official,https://www.governor.ny.gov/news/no-20229-continuing-temporary-suspension-and-modification-laws-relating-disaster-emergency,"N.Y. Exec. Order No. 202.29 (May 8, 2020)"
NY,New York County,36,61,5/14/2020,1,Yes,Official,https://www.governor.ny.gov/news/no-20229-continuing-temporary-suspension-and-modification-laws-relating-disaster-emergency,"N.Y. Exec. Order No. 202.29 (May 8, 2020)"
NY,New York County,36,61,5/15/2020,1,Yes,Official,https://www.governor.ny.gov/news/no-20229-continuing-temporary-suspension-and-modification-laws-relating-disaster-emergency,"N.Y. Exec. Order No. 202.29 (May 8, 2020)"
NY,New York County,36,61,5/16/2020,1,Yes,Official,https://www.governor.ny.gov/news/no-20229-continuing-temporary-suspension-and-modification-laws-relating-disaster-emergency,"N.Y. Exec. Order No. 202.29 (May 8, 2020)"
NY,New York County,36,61,5/17/2020,1,Yes,Official,https://www.governor.ny.gov/news/no-20229-continuing-temporary-suspension-and-modification-laws-relating-disaster-emergency,"N.Y. Exec. Order No. 202.29 (May 8, 2020)"
NY,New York County,36,61,5/18/2020,1,Yes,Official,https://www.governor.ny.gov/news/no-20229-continuing-temporary-suspension-and-modification-laws-relating-disaster-emergency,"N.Y. Exec. Order No. 202.29 (May 8, 2020)"
NY,New York County,36,61,5/19/2020,1,Yes,Official,https://www.governor.ny.gov/news/no-20229-continuing-temporary-suspension-and-modification-laws-relating-disaster-emergency,"N.Y. Exec. Order No. 202.29 (May 8, 2020)"
NY,New York County,36,61,5/20/2020,1,Yes,Official,https://www.governor.ny.gov/news/no-20229-continuing-temporary-suspension-and-modification-laws-relating-disaster-emergency,"N.Y. Exec. Order No. 202.29 (May 8, 2020)"
NY,New York County,36,61,5/21/2020,1,Yes,Official,https://www.governor.ny.gov/news/no-20229-continuing-temporary-suspension-and-modification-laws-relating-disaster-emergency,"N.Y. Exec. Order No. 202.29 (May 8, 2020)"
NY,New York County,36,61,5/22/2020,1,Yes,Official,https://www.governor.ny.gov/news/no-20229-continuing-temporary-suspension-and-modification-laws-relating-disaster-emergency,"N.Y. Exec. Order No. 202.29 (May 8, 2020)"
NY,New York County,36,61,5/23/2020,1,Yes,Official,https://www.governor.ny.gov/news/no-20229-continuing-temporary-suspension-and-modification-laws-relating-disaster-emergency,"N.Y. Exec. Order No. 202.29 (May 8, 2020)"
NY,New York County,36,61,5/24/2020,1,Yes,Official,https://www.governor.ny.gov/news/no-20229-continuing-temporary-suspension-and-modification-laws-relating-disaster-emergency,"N.Y. Exec. Order No. 202.29 (May 8, 2020)"
NY,New York County,36,61,5/25/2020,1,Yes,Official,https://www.governor.ny.gov/news/no-20229-continuing-temporary-suspension-and-modification-laws-relating-disaster-emergency,"N.Y. Exec. Order No. 202.29 (May 8, 2020)"
NY,New York County,36,61,5/26/2020,1,Yes,Official,https://www.governor.ny.gov/news/no-20229-continuing-temporary-suspension-and-modification-laws-relating-disaster-emergency,"N.Y. Exec. Order No. 202.29 (May 8, 2020)"
NY,New York County,36,61,5/27/2020,1,Yes,Official,https://www.governor.ny.gov/news/no-20229-continuing-temporary-suspension-and-modification-laws-relating-disaster-emergency,"N.Y. Exec. Order No. 202.29 (May 8, 2020)"
NY,New York County,36,61,5/28/2020,1,Yes,Official,https://www.governor.ny.gov/news/no-20229-continuing-temporary-suspension-and-modification-laws-relating-disaster-emergency,"N.Y. Exec. Order No. 202.29 (May 8, 2020)"
NY,New York County,36,61,5/29/2020,1,Yes,Official,https://www.governor.ny.gov/news/no-20229-continuing-temporary-suspension-and-modification-laws-relating-disaster-emergency,"N.Y. Exec. Order No. 202.29 (May 8, 2020)"
NY,New York County,36,61,5/30/2020,1,Yes,Official,https://www.governor.ny.gov/news/no-20229-continuing-temporary-suspension-and-modification-laws-relating-disaster-emergency,"N.Y. Exec. Order No. 202.29 (May 8, 2020)"
NY,New York County,36,61,5/31/2020,1,Yes,Official,https://www.governor.ny.gov/news/no-20229-continuing-temporary-suspension-and-modification-laws-relating-disaster-emergency,"N.Y. Exec. Order No. 202.29 (May 8, 2020)"
NY,New York County,36,61,6/1/2020,1,Yes,Official,https://www.governor.ny.gov/news/no-20229-continuing-temporary-suspension-and-modification-laws-relating-disaster-emergency,"N.Y. Exec. Order No. 202.29 (May 8, 2020)"
NY,New York County,36,61,6/2/2020,1,Yes,Official,https://www.governor.ny.gov/news/no-20229-continuing-temporary-suspension-and-modification-laws-relating-disaster-emergency,"N.Y. Exec. Order No. 202.29 (May 8, 2020)"
NY,New York County,36,61,6/3/2020,1,Yes,Official,https://www.governor.ny.gov/news/no-20229-continuing-temporary-suspension-and-modification-laws-relating-disaster-emergency,"N.Y. Exec. Order No. 202.29 (May 8, 2020)"
NY,New York County,36,61,6/4/2020,1,Yes,Official,https://www.governor.ny.gov/news/no-20229-continuing-temporary-suspension-and-modification-laws-relating-disaster-emergency,"N.Y. Exec. Order No. 202.29 (May 8, 2020)"
NY,New York County,36,61,6/5/2020,1,Yes,Official,https://www.governor.ny.gov/news/no-20229-continuing-temporary-suspension-and-modification-laws-relating-disaster-emergency,"N.Y. Exec. Order No. 202.29 (May 8, 2020)"
NY,New York County,36,61,6/6/2020,1,Yes,Official,https://www.governor.ny.gov/news/no-20229-continuing-temporary-suspension-and-modification-laws-relating-disaster-emergency,"N.Y. Exec. Order No. 202.29 (May 8, 2020)"
NY,New York County,36,61,6/7/2020,1,Yes,Official,https://www.governor.ny.gov/news/no-20229-continuing-temporary-suspension-and-modification-laws-relating-disaster-emergency,"N.Y. Exec. Order No. 202.39 (June 7, 2020)"
NY,New York County,36,61,6/8/2020,1,Yes,Official,https://www.governor.ny.gov/news/no-20229-continuing-temporary-suspension-and-modification-laws-relating-disaster-emergency,"N.Y. Exec. Order No. 202.39 (June 7, 2020)"
NY,New York County,36,61,6/9/2020,1,Yes,Official,https://www.governor.ny.gov/news/no-20229-continuing-temporary-suspension-and-modification-laws-relating-disaster-emergency,"N.Y. Exec. Order No. 202.39 (June 7, 2020)"
NY,New York County,36,61,6/10/2020,1,Yes,Official,https://www.governor.ny.gov/news/no-20229-continuing-temporary-suspension-and-modification-laws-relating-disaster-emergency,"N.Y. Exec. Order No. 202.39 (June 7, 2020)"
NY,New York County,36,61,6/11/2020,1,Yes,Official,https://www.governor.ny.gov/news/no-20229-continuing-temporary-suspension-and-modification-laws-relating-disaster-emergency,"N.Y. Exec. Order No. 202.39 (June 7, 2020)"
NY,New York County,36,61,6/12/2020,1,Yes,Official,https://www.governor.ny.gov/news/no-20229-continuing-temporary-suspension-and-modification-laws-relating-disaster-emergency,"N.Y. Exec. Order No. 202.39 (June 7, 2020)"
NY,New York County,36,61,6/13/2020,1,Yes,Official,https://www.governor.ny.gov/news/no-20229-continuing-temporary-suspension-and-modification-laws-relating-disaster-emergency,"N.Y. Exec. Order No. 202.39 (June 7, 2020)"
NY,New York County,36,61,6/14/2020,1,Yes,Official,https://www.governor.ny.gov/news/no-20229-continuing-temporary-suspension-and-modification-laws-relating-disaster-emergency,"N.Y. Exec. Order No. 202.39 (June 7, 2020)"
NY,New York County,36,61,6/15/2020,1,Yes,Official,https://www.governor.ny.gov/news/no-20229-continuing-temporary-suspension-and-modification-laws-relating-disaster-emergency,"N.Y. Exec. Order No. 202.39 (June 7, 2020)"
NY,New York County,36,61,6/16/2020,1,Yes,Official,https://www.governor.ny.gov/news/no-20229-continuing-temporary-suspension-and-modification-laws-relating-disaster-emergency,"N.Y. Exec. Order No. 202.39 (June 7, 2020)"
NY,New York County,36,61,6/17/2020,1,Yes,Official,https://www.governor.ny.gov/news/no-20229-continuing-temporary-suspension-and-modification-laws-relating-disaster-emergency,"N.Y. Exec. Order No. 202.39 (June 7, 2020)"
NY,New York County,36,61,6/18/2020,1,Yes,Official,https://www.governor.ny.gov/news/no-20229-continuing-temporary-suspension-and-modification-laws-relating-disaster-emergency,"N.Y. Exec. Order No. 202.39 (June 7, 2020)"
NY,New York County,36,61,6/19/2020,1,Yes,Official,https://www.governor.ny.gov/news/no-20229-continuing-temporary-suspension-and-modification-laws-relating-disaster-emergency,"N.Y. Exec. Order No. 202.39 (June 7, 2020)"
NY,New York County,36,61,6/20/2020,1,Yes,Official,https://www.governor.ny.gov/news/no-20229-continuing-temporary-suspension-and-modification-laws-relating-disaster-emergency,"N.Y. Exec. Order No. 202.39 (June 7, 2020)"
NY,New York County,36,61,6/21/2020,1,Yes,Official,https://www.governor.ny.gov/news/no-20229-continuing-temporary-suspension-and-modification-laws-relating-disaster-emergency,"N.Y. Exec. Order No. 202.39 (June 7, 2020)"
NY,New York County,36,61,6/22/2020,1,Yes,Official,https://www.governor.ny.gov/news/no-20229-continuing-temporary-suspension-and-modification-laws-relating-disaster-emergency,"N.Y. Exec. Order No. 202.39 (June 7, 2020)"
NY,New York County,36,61,6/23/2020,1,Yes,Official,https://www.governor.ny.gov/news/no-20229-continuing-temporary-suspension-and-modification-laws-relating-disaster-emergency,"N.Y. Exec. Order No. 202.39 (June 7, 2020)"
NY,New York County,36,61,6/24/2020,1,Yes,Official,https://www.governor.ny.gov/news/no-20229-continuing-temporary-suspension-and-modification-laws-relating-disaster-emergency,"N.Y. Exec. Order No. 202.39 (June 7, 2020)"
NY,New York County,36,61,6/25/2020,1,Yes,Official,https://www.governor.ny.gov/news/no-20229-continuing-temporary-suspension-and-modification-laws-relating-disaster-emergency,"N.Y. Exec. Order No. 202.39 (June 7, 2020)"
NY,New York County,36,61,6/26/2020,1,Yes,Official,https://www.governor.ny.gov/news/no-20229-continuing-temporary-suspension-and-modification-laws-relating-disaster-emergency,"N.Y. Exec. Order No. 202.39 (June 7, 2020)"
NY,New York County,36,61,6/27/2020,1,Yes,Official,https://www.governor.ny.gov/news/no-20229-continuing-temporary-suspension-and-modification-laws-relating-disaster-emergency,"N.Y. Exec. Order No. 202.39 (June 7, 2020)"
NY,New York County,36,61,6/28/2020,1,Yes,Official,https://www.governor.ny.gov/news/no-20229-continuing-temporary-suspension-and-modification-laws-relating-disaster-emergency,"N.Y. Exec. Order No. 202.39 (June 7, 2020)"
NY,New York County,36,61,6/29/2020,1,Yes,Official,https://www.governor.ny.gov/news/no-20229-continuing-temporary-suspension-and-modification-laws-relating-disaster-emergency,"N.Y. Exec. Order No. 202.39 (June 7, 2020)"
NY,New York County,36,61,6/30/2020,1,Yes,Official,https://www.governor.ny.gov/news/no-20229-continuing-temporary-suspension-and-modification-laws-relating-disaster-emergency,"N.Y. Exec. Order No. 202.39 (June 7, 2020)"
NY,New York County,36,61,7/1/2020,1,Yes,Official,https://www.governor.ny.gov/news/no-20229-continuing-temporary-suspension-and-modification-laws-relating-disaster-emergency,"N.Y. Exec. Order No. 202.39 (June 7, 2020)"
NY,New York County,36,61,7/2/2020,1,Yes,Official,https://www.governor.ny.gov/news/no-20229-continuing-temporary-suspension-and-modification-laws-relating-disaster-emergency,"N.Y. Exec. Order No. 202.39 (June 7, 2020)"
NY,New York County,36,61,7/3/2020,1,Yes,Official,https://www.governor.ny.gov/news/no-20229-continuing-temporary-suspension-and-modification-laws-relating-disaster-emergency,"N.Y. Exec. Order No. 202.39 (June 7, 2020)"
NY,New York County,36,61,7/4/2020,1,Yes,Official,https://www.governor.ny.gov/news/no-20229-continuing-temporary-suspension-and-modification-laws-relating-disaster-emergency,"N.Y. Exec. Order No. 202.39 (June 7, 2020)"
NY,New York County,36,61,7/5/2020,1,Yes,Official,https://www.governor.ny.gov/news/no-20229-continuing-temporary-suspension-and-modification-laws-relating-disaster-emergency,"N.Y. Exec. Order No. 202.39 (June 7, 2020)"
NY,New York County,36,61,7/6/2020,1,Yes,Official,https://www.governor.ny.gov/news/no-20229-continuing-temporary-suspension-and-modification-laws-relating-disaster-emergency,"N.Y. Exec. Order No. 202.39 (June 7, 2020)"
NY,New York County,36,61,7/7/2020,1,Yes,Official,https://www.governor.ny.gov/news/no-20249-continuing-temporary-suspension-and-modification-laws-relating-disaster-emergency,"N.Y. Exec. Order No. 202.49 (July 7, 2020)"
NY,New York County,36,61,7/8/2020,1,Yes,Official,https://www.governor.ny.gov/news/no-20249-continuing-temporary-suspension-and-modification-laws-relating-disaster-emergency,"N.Y. Exec. Order No. 202.49 (July 7, 2020)"
NY,New York County,36,61,7/9/2020,1,Yes,Official,https://www.governor.ny.gov/news/no-20249-continuing-temporary-suspension-and-modification-laws-relating-disaster-emergency,"N.Y. Exec. Order No. 202.49 (July 7, 2020)"
NY,New York County,36,61,7/10/2020,1,Yes,Official,https://www.governor.ny.gov/news/no-20249-continuing-temporary-suspension-and-modification-laws-relating-disaster-emergency,"N.Y. Exec. Order No. 202.49 (July 7, 2020)"
NY,New York County,36,61,7/11/2020,1,Yes,Official,https://www.governor.ny.gov/news/no-20249-continuing-temporary-suspension-and-modification-laws-relating-disaster-emergency,"N.Y. Exec. Order No. 202.49 (July 7, 2020)"
NY,New York County,36,61,7/12/2020,1,Yes,Official,https://www.governor.ny.gov/news/no-20249-continuing-temporary-suspension-and-modification-laws-relating-disaster-emergency,"N.Y. Exec. Order No. 202.49 (July 7, 2020)"
NY,New York County,36,61,7/13/2020,1,Yes,Official,https://www.governor.ny.gov/news/no-20249-continuing-temporary-suspension-and-modification-laws-relating-disaster-emergency,"N.Y. Exec. Order No. 202.49 (July 7, 2020)"
NY,New York County,36,61,7/14/2020,1,Yes,Official,https://www.governor.ny.gov/news/no-20249-continuing-temporary-suspension-and-modification-laws-relating-disaster-emergency,"N.Y. Exec. Order No. 202.49 (July 7, 2020)"
NY,New York County,36,61,7/15/2020,1,Yes,Official,https://www.governor.ny.gov/news/no-20249-continuing-temporary-suspension-and-modification-laws-relating-disaster-emergency,"N.Y. Exec. Order No. 202.49 (July 7, 2020)"
NY,New York County,36,61,7/16/2020,1,Yes,Official,https://www.governor.ny.gov/news/no-20249-continuing-temporary-suspension-and-modification-laws-relating-disaster-emergency,"N.Y. Exec. Order No. 202.49 (July 7, 2020)"
NY,New York County,36,61,7/17/2020,1,Yes,Official,https://www.governor.ny.gov/news/no-20249-continuing-temporary-suspension-and-modification-laws-relating-disaster-emergency,"N.Y. Exec. Order No. 202.49 (July 7, 2020)"
NY,New York County,36,61,7/18/2020,1,Yes,Official,https://www.governor.ny.gov/news/no-20249-continuing-temporary-suspension-and-modification-laws-relating-disaster-emergency,"N.Y. Exec. Order No. 202.49 (July 7, 2020)"
NY,New York County,36,61,7/19/2020,1,Yes,Official,https://www.governor.ny.gov/news/no-20249-continuing-temporary-suspension-and-modification-laws-relating-disaster-emergency,"N.Y. Exec. Order No. 202.49 (July 7, 2020)"
NY,New York County,36,61,7/20/2020,1,Yes,Official,https://www.governor.ny.gov/news/no-20249-continuing-temporary-suspension-and-modification-laws-relating-disaster-emergency,"N.Y. Exec. Order No. 202.49 (July 7, 2020)"
NY,New York County,36,61,7/21/2020,1,Yes,Official,https://www.governor.ny.gov/news/no-20249-continuing-temporary-suspension-and-modification-laws-relating-disaster-emergency,"N.Y. Exec. Order No. 202.49 (July 7, 2020)"
NY,New York County,36,61,7/22/2020,1,Yes,Official,https://www.governor.ny.gov/news/no-20249-continuing-temporary-suspension-and-modification-laws-relating-disaster-emergency,"N.Y. Exec. Order No. 202.49 (July 7, 2020)"
NY,New York County,36,61,7/23/2020,1,Yes,Official,https://www.governor.ny.gov/news/no-20249-continuing-temporary-suspension-and-modification-laws-relating-disaster-emergency,"N.Y. Exec. Order No. 202.49 (July 7, 2020)"
NY,New York County,36,61,7/24/2020,1,Yes,Official,https://www.governor.ny.gov/news/no-20249-continuing-temporary-suspension-and-modification-laws-relating-disaster-emergency,"N.Y. Exec. Order No. 202.49 (July 7, 2020)"
NY,New York County,36,61,7/25/2020,1,Yes,Official,https://www.governor.ny.gov/news/no-20249-continuing-temporary-suspension-and-modification-laws-relating-disaster-emergency,"N.Y. Exec. Order No. 202.49 (July 7, 2020)"
NY,New York County,36,61,7/26/2020,1,Yes,Official,https://www.governor.ny.gov/news/no-20249-continuing-temporary-suspension-and-modification-laws-relating-disaster-emergency,"N.Y. Exec. Order No. 202.49 (July 7, 2020)"
NY,New York County,36,61,7/27/2020,1,Yes,Official,https://www.governor.ny.gov/news/no-20249-continuing-temporary-suspension-and-modification-laws-relating-disaster-emergency,"N.Y. Exec. Order No. 202.49 (July 7, 2020)"
NY,New York County,36,61,7/28/2020,1,Yes,Official,https://www.governor.ny.gov/news/no-20249-continuing-temporary-suspension-and-modification-laws-relating-disaster-emergency,"N.Y. Exec. Order No. 202.49 (July 7, 2020)"
NY,New York County,36,61,7/29/2020,1,Yes,Official,https://www.governor.ny.gov/news/no-20249-continuing-temporary-suspension-and-modification-laws-relating-disaster-emergency,"N.Y. Exec. Order No. 202.49 (July 7, 2020)"
NY,New York County,36,61,7/30/2020,1,Yes,Official,https://www.governor.ny.gov/news/no-20249-continuing-temporary-suspension-and-modification-laws-relating-disaster-emergency,"N.Y. Exec. Order No. 202.49 (July 7, 2020)"
NY,New York County,36,61,7/31/2020,1,Yes,Official,https://www.governor.ny.gov/news/no-20249-continuing-temporary-suspension-and-modification-laws-relating-disaster-emergency,"N.Y. Exec. Order No. 202.49 (July 7, 2020)"
NY,New York County,36,61,8/1/2020,1,Yes,Official,https://www.governor.ny.gov/news/no-20249-continuing-temporary-suspension-and-modification-laws-relating-disaster-emergency,"N.Y. Exec. Order No. 202.49 (July 7, 2020)"
NY,New York County,36,61,8/2/2020,1,Yes,Official,https://www.governor.ny.gov/news/no-20249-continuing-temporary-suspension-and-modification-laws-relating-disaster-emergency,"N.Y. Exec. Order No. 202.49 (July 7, 2020)"
NY,New York County,36,61,8/3/2020,1,Yes,Official,https://www.governor.ny.gov/news/no-20249-continuing-temporary-suspension-and-modification-laws-relating-disaster-emergency,"N.Y. Exec. Order No. 202.49 (July 7, 2020)"
NY,New York County,36,61,8/4/2020,1,Yes,Official,https://www.governor.ny.gov/news/no-20249-continuing-temporary-suspension-and-modification-laws-relating-disaster-emergency,"N.Y. Exec. Order No. 202.49 (July 7, 2020)"
NY,New York County,36,61,8/5/2020,1,Yes,Official,https://www.governor.ny.gov/news/no-20249-continuing-temporary-suspension-and-modification-laws-relating-disaster-emergency,"N.Y. Exec. Order No. 202.49 (July 7, 2020)"
NY,New York County,36,61,8/6/2020,1,Yes,Official,https://www.governor.ny.gov/news/no-202551-continuing-temporary-suspension-and-modification-laws-relating-disaster-emergency,"N.Y. Exec. Order No. 202.55.1 (Aug. 6, 2020)"
NY,New York County,36,61,8/7/2020,1,Yes,Official,https://www.governor.ny.gov/news/no-202551-continuing-temporary-suspension-and-modification-laws-relating-disaster-emergency,"N.Y. Exec. Order No. 202.55.1 (Aug. 6, 2020)"
NY,New York County,36,61,8/8/2020,1,Yes,Official,https://www.governor.ny.gov/news/no-202551-continuing-temporary-suspension-and-modification-laws-relating-disaster-emergency,"N.Y. Exec. Order No. 202.55.1 (Aug. 6, 2020)"
NY,New York County,36,61,8/9/2020,1,Yes,Official,https://www.governor.ny.gov/news/no-202551-continuing-temporary-suspension-and-modification-laws-relating-disaster-emergency,"N.Y. Exec. Order No. 202.55.1 (Aug. 6, 2020)"
NY,New York County,36,61,8/10/2020,1,Yes,Official,https://www.governor.ny.gov/news/no-202551-continuing-temporary-suspension-and-modification-laws-relating-disaster-emergency,"N.Y. Exec. Order No. 202.55.1 (Aug. 6, 2020)"
NY,New York County,36,61,8/11/2020,1,Yes,Official,https://www.governor.ny.gov/news/no-202551-continuing-temporary-suspension-and-modification-laws-relating-disaster-emergency,"N.Y. Exec. Order No. 202.55.1 (Aug. 6, 2020)"
NY,New York County,36,61,8/12/2020,1,Yes,Official,https://www.governor.ny.gov/news/no-202551-continuing-temporary-suspension-and-modification-laws-relating-disaster-emergency,"N.Y. Exec. Order No. 202.55.1 (Aug. 6, 2020)"
NY,New York County,36,61,8/13/2020,1,Yes,Official,https://www.governor.ny.gov/news/no-202551-continuing-temporary-suspension-and-modification-laws-relating-disaster-emergency,"N.Y. Exec. Order No. 202.55.1 (Aug. 6, 2020)"
NY,New York County,36,61,8/14/2020,1,Yes,Official,https://www.governor.ny.gov/news/no-202551-continuing-temporary-suspension-and-modification-laws-relating-disaster-emergency,"N.Y. Exec. Order No. 202.55.1 (Aug. 6, 2020)"
NY,New York County,36,61,8/15/2020,1,Yes,Official,https://www.governor.ny.gov/news/no-202551-continuing-temporary-suspension-and-modification-laws-relating-disaster-emergency,"N.Y. Exec. Order No. 202.55.1 (Aug. 6, 2020)"
NY,New York County,36,61,8/16/2020,1,Yes,Official,https://www.governor.ny.gov/news/no-202551-continuing-temporary-suspension-and-modification-laws-relating-disaster-emergency,"N.Y. Exec. Order No. 202.55.1 (Aug. 6, 2020)"
NY,New York County,36,61,8/17/2020,1,Yes,Official,https://www.governor.ny.gov/news/no-202551-continuing-temporary-suspension-and-modification-laws-relating-disaster-emergency,"N.Y. Exec. Order No. 202.55.1 (Aug. 6, 2020)"
NY,New York County,36,61,8/18/2020,1,Yes,Official,https://www.governor.ny.gov/news/no-202551-continuing-temporary-suspension-and-modification-laws-relating-disaster-emergency,"N.Y. Exec. Order No. 202.55.1 (Aug. 6, 2020)"
NY,New York County,36,61,8/19/2020,1,Yes,Official,https://www.governor.ny.gov/news/no-202551-continuing-temporary-suspension-and-modification-laws-relating-disaster-emergency,"N.Y. Exec. Order No. 202.55.1 (Aug. 6, 2020)"
NY,New York County,36,61,8/20/2020,1,Yes,Official,https://www.governor.ny.gov/news/no-202551-continuing-temporary-suspension-and-modification-laws-relating-disaster-emergency,"N.Y. Exec. Order No. 202.55.1 (Aug. 6, 2020)"
NY,New York County,36,61,8/21/2020,1,Yes,Official,https://www.governor.ny.gov/news/no-202551-continuing-temporary-suspension-and-modification-laws-relating-disaster-emergency,"N.Y. Exec. Order No. 202.55.1 (Aug. 6, 2020)"
NY,New York County,36,61,8/22/2020,1,Yes,Official,https://www.governor.ny.gov/news/no-202551-continuing-temporary-suspension-and-modification-laws-relating-disaster-emergency,"N.Y. Exec. Order No. 202.55.1 (Aug. 6, 2020)"
NY,New York County,36,61,8/23/2020,1,Yes,Official,https://www.governor.ny.gov/news/no-202551-continuing-temporary-suspension-and-modification-laws-relating-disaster-emergency,"N.Y. Exec. Order No. 202.55.1 (Aug. 6, 2020)"
NY,New York County,36,61,8/24/2020,1,Yes,Official,https://www.governor.ny.gov/news/no-202551-continuing-temporary-suspension-and-modification-laws-relating-disaster-emergency,"N.Y. Exec. Order No. 202.55.1 (Aug. 6, 2020)"
NY,New York County,36,61,8/25/2020,1,Yes,Official,https://www.governor.ny.gov/news/no-202551-continuing-temporary-suspension-and-modification-laws-relating-disaster-emergency,"N.Y. Exec. Order No. 202.55.1 (Aug. 6, 2020)"
NY,New York County,36,61,8/26/2020,1,Yes,Official,https://www.governor.ny.gov/news/no-202551-continuing-temporary-suspension-and-modification-laws-relating-disaster-emergency,"N.Y. Exec. Order No. 202.55.1 (Aug. 6, 2020)"
NY,New York County,36,61,8/27/2020,1,Yes,Official,https://www.governor.ny.gov/news/no-202551-continuing-temporary-suspension-and-modification-laws-relating-disaster-emergency,"N.Y. Exec. Order No. 202.55.1 (Aug. 6, 2020)"
NY,New York County,36,61,8/28/2020,1,Yes,Official,https://www.governor.ny.gov/news/no-202551-continuing-temporary-suspension-and-modification-laws-relating-disaster-emergency,"N.Y. Exec. Order No. 202.55.1 (Aug. 6, 2020)"
NY,New York County,36,61,8/29/2020,1,Yes,Official,https://www.governor.ny.gov/news/no-202551-continuing-temporary-suspension-and-modification-laws-relating-disaster-emergency,"N.Y. Exec. Order No. 202.55.1 (Aug. 6, 2020)"
NY,New York County,36,61,8/30/2020,1,Yes,Official,https://www.governor.ny.gov/news/no-202551-continuing-temporary-suspension-and-modification-laws-relating-disaster-emergency,"N.Y. Exec. Order No. 202.55.1 (Aug. 6, 2020)"
NY,New York County,36,61,8/31/2020,1,Yes,Official,https://www.governor.ny.gov/news/no-202551-continuing-temporary-suspension-and-modification-laws-relating-disaster-emergency,"N.Y. Exec. Order No. 202.55.1 (Aug. 6, 2020)"
NY,New York County,36,61,9/1/2020,1,Yes,Official,https://www.governor.ny.gov/news/no-202551-continuing-temporary-suspension-and-modification-laws-relating-disaster-emergency,"N.Y. Exec. Order No. 202.55.1 (Aug. 6, 2020)"
NY,New York County,36,61,9/2/2020,1,Yes,Official,https://www.governor.ny.gov/news/no-202551-continuing-temporary-suspension-and-modification-laws-relating-disaster-emergency,"N.Y. Exec. Order No. 202.55.1 (Aug. 6, 2020)"
NY,New York County,36,61,9/3/2020,1,Yes,Official,https://www.governor.ny.gov/news/no-202551-continuing-temporary-suspension-and-modification-laws-relating-disaster-emergency,"N.Y. Exec. Order No. 202.55.1 (Aug. 6, 2020)"
NY,New York County,36,61,9/4/2020,1,Yes,Official,https://www.governor.ny.gov/news/no-20260-continuing-temporary-suspension-and-modification-laws-relating-disaster-emergency,"N.Y. Exec. Order No. 202.60 (Sept. 4, 2020)"
NY,New York County,36,61,9/5/2020,1,Yes,Official,https://www.governor.ny.gov/news/no-20260-continuing-temporary-suspension-and-modification-laws-relating-disaster-emergency,"N.Y. Exec. Order No. 202.60 (Sept. 4, 2020)"
NY,New York County,36,61,9/6/2020,1,Yes,Official,https://www.governor.ny.gov/news/no-20260-continuing-temporary-suspension-and-modification-laws-relating-disaster-emergency,"N.Y. Exec. Order No. 202.60 (Sept. 4, 2020)"
NY,New York County,36,61,9/7/2020,1,Yes,Official,https://www.governor.ny.gov/news/no-20260-continuing-temporary-suspension-and-modification-laws-relating-disaster-emergency,"N.Y. Exec. Order No. 202.60 (Sept. 4, 2020)"
NY,New York County,36,61,9/8/2020,1,Yes,Official,https://www.governor.ny.gov/news/no-20260-continuing-temporary-suspension-and-modification-laws-relating-disaster-emergency,"N.Y. Exec. Order No. 202.60 (Sept. 4, 2020)"
NY,New York County,36,61,9/9/2020,1,Yes,Official,https://www.governor.ny.gov/news/no-20260-continuing-temporary-suspension-and-modification-laws-relating-disaster-emergency,"N.Y. Exec. Order No. 202.60 (Sept. 4, 2020)"
NY,New York County,36,61,9/10/2020,1,Yes,Official,https://www.governor.ny.gov/news/no-20260-continuing-temporary-suspension-and-modification-laws-relating-disaster-emergency,"N.Y. Exec. Order No. 202.60 (Sept. 4, 2020)"
NY,New York County,36,61,9/11/2020,1,Yes,Official,https://www.governor.ny.gov/news/no-20260-continuing-temporary-suspension-and-modification-laws-relating-disaster-emergency,"N.Y. Exec. Order No. 202.60 (Sept. 4, 2020)"
NY,New York County,36,61,9/12/2020,1,Yes,Official,https://www.governor.ny.gov/news/no-20260-continuing-temporary-suspension-and-modification-laws-relating-disaster-emergency,"N.Y. Exec. Order No. 202.60 (Sept. 4, 2020)"
NY,New York County,36,61,9/13/2020,1,Yes,Official,https://www.governor.ny.gov/news/no-20260-continuing-temporary-suspension-and-modification-laws-relating-disaster-emergency,"N.Y. Exec. Order No. 202.60 (Sept. 4, 2020)"
NY,New York County,36,61,9/14/2020,1,Yes,Official,https://www.governor.ny.gov/news/no-20260-continuing-temporary-suspension-and-modification-laws-relating-disaster-emergency,"N.Y. Exec. Order No. 202.60 (Sept. 4, 2020)"
NY,New York County,36,61,9/15/2020,1,Yes,Official,https://www.governor.ny.gov/news/no-20260-continuing-temporary-suspension-and-modification-laws-relating-disaster-emergency,"N.Y. Exec. Order No. 202.60 (Sept. 4, 2020)"
NY,New York County,36,61,9/16/2020,1,Yes,Official,https://www.governor.ny.gov/news/no-20260-continuing-temporary-suspension-and-modification-laws-relating-disaster-emergency,"N.Y. Exec. Order No. 202.60 (Sept. 4, 2020)"
NY,New York County,36,61,9/17/2020,1,Yes,Official,https://www.governor.ny.gov/news/no-20260-continuing-temporary-suspension-and-modification-laws-relating-disaster-emergency,"N.Y. Exec. Order No. 202.60 (Sept. 4, 2020)"
NY,New York County,36,61,9/18/2020,1,Yes,Official,https://www.governor.ny.gov/news/no-20260-continuing-temporary-suspension-and-modification-laws-relating-disaster-emergency,"N.Y. Exec. Order No. 202.60 (Sept. 4, 2020)"
NY,New York County,36,61,9/19/2020,1,Yes,Official,https://www.governor.ny.gov/news/no-20260-continuing-temporary-suspension-and-modification-laws-relating-disaster-emergency,"N.Y. Exec. Order No. 202.60 (Sept. 4, 2020)"
NY,New York County,36,61,9/20/2020,1,Yes,Official,https://www.governor.ny.gov/news/no-20260-continuing-temporary-suspension-and-modification-laws-relating-disaster-emergency,"N.Y. Exec. Order No. 202.60 (Sept. 4, 2020)"
NY,New York County,36,61,9/21/2020,1,Yes,Official,https://www.governor.ny.gov/news/no-20260-continuing-temporary-suspension-and-modification-laws-relating-disaster-emergency,"N.Y. Exec. Order No. 202.60 (Sept. 4, 2020)"
NY,New York County,36,61,9/22/2020,1,Yes,Official,https://www.governor.ny.gov/news/no-20260-continuing-temporary-suspension-and-modification-laws-relating-disaster-emergency,"N.Y. Exec. Order No. 202.60 (Sept. 4, 2020)"
NY,New York County,36,61,9/23/2020,1,Yes,Official,https://www.governor.ny.gov/news/no-20260-continuing-temporary-suspension-and-modification-laws-relating-disaster-emergency,"N.Y. Exec. Order No. 202.60 (Sept. 4, 2020)"
NY,New York County,36,61,9/24/2020,1,Yes,Official,https://www.governor.ny.gov/news/no-20260-continuing-temporary-suspension-and-modification-laws-relating-disaster-emergency,"N.Y. Exec. Order No. 202.60 (Sept. 4, 2020)"
NY,New York County,36,61,9/25/2020,1,Yes,Official,https://www.governor.ny.gov/news/no-20260-continuing-temporary-suspension-and-modification-laws-relating-disaster-emergency,"N.Y. Exec. Order No. 202.60 (Sept. 4, 2020)"
NY,New York County,36,61,9/26/2020,1,Yes,Official,https://www.governor.ny.gov/news/no-20260-continuing-temporary-suspension-and-modification-laws-relating-disaster-emergency,"N.Y. Exec. Order No. 202.60 (Sept. 4, 2020)"
NY,New York County,36,61,9/27/2020,1,Yes,Official,https://www.governor.ny.gov/news/no-20260-continuing-temporary-suspension-and-modification-laws-relating-disaster-emergency,"N.Y. Exec. Order No. 202.60 (Sept. 4, 2020)"
NY,New York County,36,61,9/28/2020,1,Yes,Official,https://www.governor.ny.gov/news/no-20260-continuing-temporary-suspension-and-modification-laws-relating-disaster-emergency,"N.Y. Exec. Order No. 202.60 (Sept. 4, 2020)"
NY,New York County,36,61,9/29/2020,1,Yes,Official,https://www.governor.ny.gov/news/no-20260-continuing-temporary-suspension-and-modification-laws-relating-disaster-emergency,"N.Y. Exec. Order No. 202.60 (Sept. 4, 2020)"
NY,New York County,36,61,9/30/2020,1,Yes,Official,https://www.governor.ny.gov/news/no-20260-continuing-temporary-suspension-and-modification-laws-relating-disaster-emergency,"N.Y. Exec. Order No. 202.60 (Sept. 4, 2020)"
NY,New York County,36,61,10/1/2020,1,Yes,Official,https://www.governor.ny.gov/news/no-20260-continuing-temporary-suspension-and-modification-laws-relating-disaster-emergency,"N.Y. Exec. Order No. 202.60 (Sept. 4, 2020)"
NY,New York County,36,61,10/2/2020,1,Yes,Official,https://www.governor.ny.gov/news/no-20260-continuing-temporary-suspension-and-modification-laws-relating-disaster-emergency,"N.Y. Exec. Order No. 202.60 (Sept. 4, 2020)"
NY,New York County,36,61,10/3/2020,1,Yes,Official,https://www.governor.ny.gov/news/no-20260-continuing-temporary-suspension-and-modification-laws-relating-disaster-emergency,"N.Y. Exec. Order No. 202.60 (Sept. 4, 2020)"
NY,New York County,36,61,10/4/2020,1,Yes,Official,https://www.governor.ny.gov/sites/governor.ny.gov/files/atoms/files/EO_202_67.pdf,"N.Y. Exec. Order No. 202.67 (Oct. 4, 2020)"
NY,New York County,36,61,10/5/2020,1,Yes,Official,https://www.governor.ny.gov/sites/governor.ny.gov/files/atoms/files/EO_202_67.pdf,"N.Y. Exec. Order No. 202.67 (Oct. 4, 2020)"
NY,New York County,36,61,10/6/2020,1,Yes,Official,https://www.governor.ny.gov/sites/governor.ny.gov/files/atoms/files/EO202.68.pdf,"N.Y. Exec. Order No. 202.68 (Oct. 6, 2020)"
NY,New York County,36,61,10/7/2020,1,Yes,Official,https://www.governor.ny.gov/sites/governor.ny.gov/files/atoms/files/EO202.68.pdf,"N.Y. Exec. Order No. 202.68 (Oct. 6, 2020)"
NY,New York County,36,61,10/8/2020,1,Yes,Official,https://www.governor.ny.gov/sites/governor.ny.gov/files/atoms/files/EO202.68.pdf,"N.Y. Exec. Order No. 202.68 (Oct. 6, 2020)"
NY,New York County,36,61,10/9/2020,1,Yes,Official,https://www.governor.ny.gov/sites/governor.ny.gov/files/atoms/files/EO202.68.pdf,"N.Y. Exec. Order No. 202.68 (Oct. 6, 2020)"
NY,New York County,36,61,10/10/2020,1,Yes,Official,https://www.governor.ny.gov/sites/governor.ny.gov/files/atoms/files/EO202.68.pdf,"N.Y. Exec. Order No. 202.68 (Oct. 6, 2020)"
NY,New York County,36,61,10/11/2020,1,Yes,Official,https://www.governor.ny.gov/sites/governor.ny.gov/files/atoms/files/EO202.68.pdf,"N.Y. Exec. Order No. 202.68 (Oct. 6, 2020)"
NY,New York County,36,61,10/12/2020,1,Yes,Official,https://www.governor.ny.gov/sites/governor.ny.gov/files/atoms/files/EO202.68.pdf,"N.Y. Exec. Order No. 202.68 (Oct. 6, 2020)"
NY,New York County,36,61,10/13/2020,1,Yes,Official,https://www.governor.ny.gov/sites/governor.ny.gov/files/atoms/files/EO202.68.pdf,"N.Y. Exec. Order No. 202.68 (Oct. 6, 2020)"
NY,New York County,36,61,10/14/2020,1,Yes,Official,https://www.governor.ny.gov/sites/governor.ny.gov/files/atoms/files/EO202.68.pdf,"N.Y. Exec. Order No. 202.68 (Oct. 6, 2020)"
NY,New York County,36,61,10/15/2020,1,Yes,Official,https://www.governor.ny.gov/sites/governor.ny.gov/files/atoms/files/EO202.68.pdf,"N.Y. Exec. Order No. 202.68 (Oct. 6, 2020)"
NY,New York County,36,61,10/16/2020,1,Yes,Official,https://www.governor.ny.gov/sites/governor.ny.gov/files/atoms/files/EO202.68.pdf,"N.Y. Exec. Order No. 202.68 (Oct. 6, 2020)"
NY,New York County,36,61,10/17/2020,1,Yes,Official,https://www.governor.ny.gov/sites/governor.ny.gov/files/atoms/files/EO202.68.pdf,"N.Y. Exec. Order No. 202.68 (Oct. 6, 2020)"
NY,New York County,36,61,10/18/2020,1,Yes,Official,https://www.governor.ny.gov/sites/governor.ny.gov/files/atoms/files/EO202.68.pdf,"N.Y. Exec. Order No. 202.68 (Oct. 6, 2020)"
NY,New York County,36,61,10/19/2020,1,Yes,Official,https://www.governor.ny.gov/sites/governor.ny.gov/files/atoms/files/EO202.68.pdf,"N.Y. Exec. Order No. 202.68 (Oct. 6, 2020)"
NY,New York County,36,61,10/20/2020,1,Yes,Official,https://www.governor.ny.gov/sites/governor.ny.gov/files/atoms/files/EO202.68.pdf,"N.Y. Exec. Order No. 202.68 (Oct. 6, 2020)"
NY,New York County,36,61,10/21/2020,1,Yes,Official,https://www.governor.ny.gov/sites/governor.ny.gov/files/atoms/files/EO202.68.pdf,"N.Y. Exec. Order No. 202.68 (Oct. 6, 2020)"
NY,New York County,36,61,10/22/2020,1,Yes,Official,https://www.governor.ny.gov/sites/governor.ny.gov/files/atoms/files/EO202.68.pdf,"N.Y. Exec. Order No. 202.68 (Oct. 6, 2020)"
NY,New York County,36,61,10/23/2020,1,Yes,Official,https://www.governor.ny.gov/sites/governor.ny.gov/files/atoms/files/EO202.68.pdf,"N.Y. Exec. Order No. 202.68 (Oct. 6, 2020)"
NY,New York County,36,61,10/24/2020,1,Yes,Official,https://www.governor.ny.gov/sites/governor.ny.gov/files/atoms/files/EO202.68.pdf,"N.Y. Exec. Order No. 202.68 (Oct. 6, 2020)"
NY,New York County,36,61,10/25/2020,1,Yes,Official,https://www.governor.ny.gov/sites/governor.ny.gov/files/atoms/files/EO202.68.pdf,"N.Y. Exec. Order No. 202.68 (Oct. 6, 2020)"
NY,New York County,36,61,10/26/2020,1,Yes,Official,https://www.governor.ny.gov/sites/governor.ny.gov/files/atoms/files/EO202.68.pdf,"N.Y. Exec. Order No. 202.68 (Oct. 6, 2020)"
NY,New York County,36,61,10/27/2020,1,Yes,Official,https://www.governor.ny.gov/sites/governor.ny.gov/files/atoms/files/EO202.68.pdf,"N.Y. Exec. Order No. 202.68 (Oct. 6, 2020)"
NY,New York County,36,61,10/28/2020,1,Yes,Official,https://www.governor.ny.gov/sites/governor.ny.gov/files/atoms/files/EO202.68.pdf,"N.Y. Exec. Order No. 202.68 (Oct. 6, 2020)"
NY,New York County,36,61,10/29/2020,1,Yes,Official,https://www.governor.ny.gov/sites/governor.ny.gov/files/atoms/files/EO202.68.pdf,"N.Y. Exec. Order No. 202.68 (Oct. 6, 2020)"
NY,New York County,36,61,10/30/2020,1,Yes,Official,https://www.governor.ny.gov/sites/governor.ny.gov/files/atoms/files/EO202.68.pdf,"N.Y. Exec. Order No. 202.68 (Oct. 6, 2020)"
NY,New York County,36,61,10/31/2020,1,Yes,Official,https://www.governor.ny.gov/sites/governor.ny.gov/files/atoms/files/EO202.68.pdf,"N.Y. Exec. Order No. 202.68 (Oct. 6, 2020)"
NY,New York County,36,61,11/1/2020,1,Yes,Official,https://www.governor.ny.gov/sites/governor.ny.gov/files/atoms/files/EO202.68.pdf,"N.Y. Exec. Order No. 202.68 (Oct. 6, 2020)"
NY,New York County,36,61,11/2/2020,1,Yes,Official,https://www.governor.ny.gov/sites/governor.ny.gov/files/atoms/files/EO202.68.pdf,"N.Y. Exec. Order No. 202.68 (Oct. 6, 2020)"
NY,New York County,36,61,11/3/2020,1,Yes,Official,https://www.governor.ny.gov/sites/governor.ny.gov/files/atoms/files/EO%20202.72%20new.pdf,"N.Y. Exec. Order No. 202.72 (Nov. 3, 2020)"
NY,New York County,36,61,11/4/2020,1,Yes,Official,https://www.governor.ny.gov/sites/governor.ny.gov/files/atoms/files/EO%20202.72%20new.pdf,"N.Y. Exec. Order No. 202.72 (Nov. 3, 2020)"
NY,New York County,36,61,11/5/2020,1,Yes,Official,https://www.governor.ny.gov/sites/governor.ny.gov/files/atoms/files/EO%20202.72%20new.pdf,"N.Y. Exec. Order No. 202.72 (Nov. 3, 2020)"
NY,New York County,36,61,11/6/2020,1,Yes,Official,https://www.governor.ny.gov/sites/governor.ny.gov/files/atoms/files/EO%20202.72%20new.pdf,"N.Y. Exec. Order No. 202.72 (Nov. 3, 2020)"
NY,New York County,36,61,11/7/2020,1,Yes,Official,https://www.governor.ny.gov/sites/governor.ny.gov/files/atoms/files/EO%20202.72%20new.pdf,"N.Y. Exec. Order No. 202.72 (Nov. 3, 2020)"
NY,New York County,36,61,11/8/2020,1,Yes,Official,https://www.governor.ny.gov/sites/governor.ny.gov/files/atoms/files/EO%20202.72%20new.pdf,"N.Y. Exec. Order No. 202.72 (Nov. 3, 2020)"
NY,New York County,36,61,11/9/2020,1,Yes,Official,https://www.governor.ny.gov/sites/governor.ny.gov/files/atoms/files/EO%20202.72%20new.pdf,"N.Y. Exec. Order No. 202.72 (Nov. 3, 2020)"
NY,New York County,36,61,11/10/2020,1,Yes,Official,https://www.governor.ny.gov/sites/governor.ny.gov/files/atoms/files/EO%20202.72%20new.pdf,"N.Y. Exec. Order No. 202.72 (Nov. 3, 2020)"
NY,New York County,36,61,11/11/2020,1,Yes,Official,https://www.governor.ny.gov/sites/governor.ny.gov/files/atoms/files/EO%20202.72%20new.pdf,"N.Y. Exec. Order No. 202.72 (Nov. 3, 2020)"
NY,New York County,36,61,11/12/2020,1,Yes,Official,https://www.governor.ny.gov/sites/governor.ny.gov/files/atoms/files/EO%20202.72%20new.pdf,"N.Y. Exec. Order No. 202.72 (Nov. 3, 2020)"
NY,New York County,36,61,11/13/2020,1,Yes,Official,https://www.governor.ny.gov/sites/governor.ny.gov/files/atoms/files/EO%20202.72%20new.pdf,"N.Y. Exec. Order No. 202.72 (Nov. 3, 2020)"
NY,New York County,36,61,11/14/2020,1,Yes,Official,https://www.governor.ny.gov/sites/governor.ny.gov/files/atoms/files/EO%20202.72%20new.pdf,"N.Y. Exec. Order No. 202.72 (Nov. 3, 2020)"
NY,New York County,36,61,11/15/2020,1,Yes,Official,https://www.governor.ny.gov/sites/governor.ny.gov/files/atoms/files/EO%20202.72%20new.pdf,"N.Y. Exec. Order No. 202.72 (Nov. 3, 2020)"
NY,New York County,36,61,11/16/2020,1,Yes,Official,https://www.governor.ny.gov/sites/governor.ny.gov/files/atoms/files/EO%20202.72%20new.pdf,"N.Y. Exec. Order No. 202.72 (Nov. 3, 2020)"
NY,New York County,36,61,11/17/2020,1,Yes,Official,https://www.governor.ny.gov/sites/governor.ny.gov/files/atoms/files/EO%20202.72%20new.pdf,"N.Y. Exec. Order No. 202.72 (Nov. 3, 2020)"
NY,New York County,36,61,11/18/2020,1,Yes,Official,https://www.governor.ny.gov/sites/governor.ny.gov/files/atoms/files/EO%20202.72%20new.pdf,"N.Y. Exec. Order No. 202.72 (Nov. 3, 2020)"
NY,New York County,36,61,11/19/2020,1,Yes,Official,https://www.governor.ny.gov/sites/governor.ny.gov/files/atoms/files/EO%20202.72%20new.pdf,"N.Y. Exec. Order No. 202.72 (Nov. 3, 2020)"
NY,New York County,36,61,11/20/2020,1,Yes,Official,https://www.governor.ny.gov/sites/governor.ny.gov/files/atoms/files/EO%20202.72%20new.pdf,"N.Y. Exec. Order No. 202.72 (Nov. 3, 2020)"
NY,New York County,36,61,11/21/2020,1,Yes,Official,https://www.governor.ny.gov/sites/governor.ny.gov/files/atoms/files/EO%20202.72%20new.pdf,"N.Y. Exec. Order No. 202.72 (Nov. 3, 2020)"
NY,New York County,36,61,11/22/2020,1,Yes,Official,https://www.governor.ny.gov/sites/governor.ny.gov/files/atoms/files/EO%20202.72%20new.pdf,"N.Y. Exec. Order No. 202.72 (Nov. 3, 2020)"
NY,New York County,36,61,11/23/2020,1,Yes,Official,https://www.governor.ny.gov/sites/governor.ny.gov/files/atoms/files/EO%20202.72%20new.pdf,"N.Y. Exec. Order No. 202.72 (Nov. 3, 2020)"
NY,New York County,36,61,11/24/2020,1,Yes,Official,https://www.governor.ny.gov/sites/governor.ny.gov/files/atoms/files/EO%20202.72%20new.pdf,"N.Y. Exec. Order No. 202.72 (Nov. 3, 2020)"
NY,New York County,36,61,11/25/2020,1,Yes,Official,https://www.governor.ny.gov/sites/governor.ny.gov/files/atoms/files/EO%20202.72%20new.pdf,"N.Y. Exec. Order No. 202.72 (Nov. 3, 2020)"
NY,New York County,36,61,11/26/2020,1,Yes,Official,https://www.governor.ny.gov/sites/governor.ny.gov/files/atoms/files/EO%20202.72%20new.pdf,"N.Y. Exec. Order No. 202.72 (Nov. 3, 2020)"
NY,New York County,36,61,11/27/2020,1,Yes,Official,https://www.governor.ny.gov/sites/governor.ny.gov/files/atoms/files/EO%20202.72%20new.pdf,"N.Y. Exec. Order No. 202.72 (Nov. 3, 2020)"
NY,New York County,36,61,11/28/2020,1,Yes,Official,https://www.governor.ny.gov/sites/governor.ny.gov/files/atoms/files/EO%20202.72%20new.pdf,"N.Y. Exec. Order No. 202.72 (Nov. 3, 2020)"
NY,New York County,36,61,11/29/2020,1,Yes,Official,https://www.governor.ny.gov/sites/governor.ny.gov/files/atoms/files/EO%20202.72%20new.pdf,"N.Y. Exec. Order No. 202.72 (Nov. 3, 2020)"
NY,New York County,36,61,11/30/2020,1,Yes,Official,https://www.governor.ny.gov/sites/governor.ny.gov/files/atoms/files/EO%20202.72%20new.pdf,"N.Y. Exec. Order No. 202.72 (Nov. 3, 2020)"
NY,New York County,36,61,12/1/2020,1,Yes,Official,https://www.governor.ny.gov/sites/governor.ny.gov/files/atoms/files/EO%20202.72%20new.pdf,"N.Y. Exec. Order No. 202.72 (Nov. 3, 2020)"
NY,New York County,36,61,12/2/2020,1,Yes,Official,https://www.governor.ny.gov/sites/governor.ny.gov/files/atoms/files/EO%20202.79-new.pdf,"N.Y. Exec. Order No. 202.79 (Dec. 2, 2020)"
NY,New York County,36,61,12/3/2020,1,Yes,Official,https://www.governor.ny.gov/sites/governor.ny.gov/files/atoms/files/EO%20202.79-new.pdf,"N.Y. Exec. Order No. 202.79 (Dec. 2, 2020)"
NY,New York County,36,61,12/4/2020,1,Yes,Official,https://www.governor.ny.gov/sites/governor.ny.gov/files/atoms/files/EO%20202.79-new.pdf,"N.Y. Exec. Order No. 202.79 (Dec. 2, 2020)"
NY,New York County,36,61,12/5/2020,1,Yes,Official,https://www.governor.ny.gov/sites/governor.ny.gov/files/atoms/files/EO%20202.79-new.pdf,"N.Y. Exec. Order No. 202.79 (Dec. 2, 2020)"
NY,New York County,36,61,12/6/2020,1,Yes,Official,https://www.governor.ny.gov/sites/governor.ny.gov/files/atoms/files/EO%20202.79-new.pdf,"N.Y. Exec. Order No. 202.79 (Dec. 2, 2020)"
NY,New York County,36,61,12/7/2020,1,Yes,Official,https://www.governor.ny.gov/sites/governor.ny.gov/files/atoms/files/EO%20202.79-new.pdf,"N.Y. Exec. Order No. 202.79 (Dec. 2, 2020)"
NY,New York County,36,61,12/8/2020,1,Yes,Official,https://www.governor.ny.gov/sites/governor.ny.gov/files/atoms/files/EO%20202.79-new.pdf,"N.Y. Exec. Order No. 202.79 (Dec. 2, 2020)"
NY,New York County,36,61,12/9/2020,1,Yes,Official,https://www.governor.ny.gov/sites/governor.ny.gov/files/atoms/files/EO%20202.79-new.pdf,"N.Y. Exec. Order No. 202.79 (Dec. 2, 2020)"
NY,New York County,36,61,12/10/2020,1,Yes,Official,https://www.governor.ny.gov/sites/governor.ny.gov/files/atoms/files/EO%20202.79-new.pdf,"N.Y. Exec. Order No. 202.79 (Dec. 2, 2020)"
NY,New York County,36,61,12/11/2020,1,Yes,Official,https://www.governor.ny.gov/sites/governor.ny.gov/files/atoms/files/EO%20202.79-new.pdf,"N.Y. Exec. Order No. 202.79 (Dec. 2, 2020)"
NY,New York County,36,61,12/12/2020,1,Yes,Official,https://www.governor.ny.gov/sites/governor.ny.gov/files/atoms/files/EO%20202.79-new.pdf,"N.Y. Exec. Order No. 202.79 (Dec. 2, 2020)"
NY,New York County,36,61,12/13/2020,1,Yes,Official,https://www.governor.ny.gov/sites/governor.ny.gov/files/atoms/files/EO%20202.79-new.pdf,"N.Y. Exec. Order No. 202.79 (Dec. 2, 2020)"
NY,New York County,36,61,12/14/2020,1,Yes,Official,https://www.governor.ny.gov/sites/governor.ny.gov/files/atoms/files/EO%20202.79-new.pdf,"N.Y. Exec. Order No. 202.79 (Dec. 2, 2020)"
NY,New York County,36,61,12/15/2020,1,Yes,Official,https://www.governor.ny.gov/sites/governor.ny.gov/files/atoms/files/EO%20202.79-new.pdf,"N.Y. Exec. Order No. 202.79 (Dec. 2, 2020)"
NY,New York County,36,61,12/16/2020,1,Yes,Official,https://www.governor.ny.gov/sites/governor.ny.gov/files/atoms/files/EO%20202.79-new.pdf,"N.Y. Exec. Order No. 202.79 (Dec. 2, 2020)"
NY,New York County,36,61,12/17/2020,1,Yes,Official,https://www.governor.ny.gov/sites/governor.ny.gov/files/atoms/files/EO%20202.79-new.pdf,"N.Y. Exec. Order No. 202.79 (Dec. 2, 2020)"
NY,New York County,36,61,12/18/2020,1,Yes,Official,https://www.governor.ny.gov/sites/governor.ny.gov/files/atoms/files/EO%20202.79-new.pdf,"N.Y. Exec. Order No. 202.79 (Dec. 2, 2020)"
NY,New York County,36,61,12/19/2020,1,Yes,Official,https://www.governor.ny.gov/sites/governor.ny.gov/files/atoms/files/EO%20202.79-new.pdf,"N.Y. Exec. Order No. 202.79 (Dec. 2, 2020)"
NY,New York County,36,61,12/20/2020,1,Yes,Official,https://www.governor.ny.gov/sites/governor.ny.gov/files/atoms/files/EO%20202.79-new.pdf,"N.Y. Exec. Order No. 202.79 (Dec. 2, 2020)"
NY,New York County,36,61,12/21/2020,1,Yes,Official,https://www.governor.ny.gov/sites/governor.ny.gov/files/atoms/files/EO%20202.79-new.pdf,"N.Y. Exec. Order No. 202.79 (Dec. 2, 2020)"
NY,New York County,36,61,12/22/2020,1,Yes,Official,https://www.governor.ny.gov/sites/governor.ny.gov/files/atoms/files/EO%20202.79-new.pdf,"N.Y. Exec. Order No. 202.79 (Dec. 2, 2020)"
NY,New York County,36,61,12/23/2020,1,Yes,Official,https://www.governor.ny.gov/sites/governor.ny.gov/files/atoms/files/EO%20202.79-new.pdf,"N.Y. Exec. Order No. 202.79 (Dec. 2, 2020)"
NY,New York County,36,61,12/24/2020,1,Yes,Official,https://www.governor.ny.gov/sites/governor.ny.gov/files/atoms/files/EO%20202.79-new.pdf,"N.Y. Exec. Order No. 202.79 (Dec. 2, 2020)"
NY,New York County,36,61,12/25/2020,1,Yes,Official,https://www.governor.ny.gov/sites/governor.ny.gov/files/atoms/files/EO%20202.79-new.pdf,"N.Y. Exec. Order No. 202.79 (Dec. 2, 2020)"
NY,New York County,36,61,12/26/2020,1,Yes,Official,https://www.governor.ny.gov/sites/governor.ny.gov/files/atoms/files/EO%20202.79-new.pdf,"N.Y. Exec. Order No. 202.79 (Dec. 2, 2020)"
NY,New York County,36,61,12/27/2020,1,Yes,Official,https://www.governor.ny.gov/sites/governor.ny.gov/files/atoms/files/EO%20202.79-new.pdf,"N.Y. Exec. Order No. 202.79 (Dec. 2, 2020)"
NY,New York County,36,61,12/28/2020,1,Yes,Official,https://www.governor.ny.gov/sites/governor.ny.gov/files/atoms/files/EO%20202.79-new.pdf,"N.Y. Exec. Order No. 202.79 (Dec. 2, 2020)"
NY,New York County,36,61,12/29/2020,1,Yes,Official,https://www.governor.ny.gov/sites/governor.ny.gov/files/atoms/files/EO%20202.79-new.pdf,"N.Y. Exec. Order No. 202.79 (Dec. 2, 2020)"
NY,New York County,36,61,12/30/2020,1,Yes,Official,https://www.governor.ny.gov/sites/governor.ny.gov/files/atoms/files/EO_202.87.pdf,"N.Y. Exec. Order No. 202.87 (Dec. 30, 2020)"
NY,New York County,36,61,12/31/2020,1,Yes,Official,https://www.governor.ny.gov/sites/governor.ny.gov/files/atoms/files/EO_202.87.pdf,"N.Y. Exec. Order No. 202.87 (Dec. 30, 2020)"
NY,New York County,36,61,1/1/2021,1,Yes,Official,https://www.governor.ny.gov/sites/governor.ny.gov/files/atoms/files/EO_202.87.pdf,"N.Y. Exec. Order No. 202.87 (Dec. 30, 2020)"
NY,New York County,36,61,1/2/2021,1,Yes,Official,https://www.governor.ny.gov/sites/governor.ny.gov/files/atoms/files/EO_202.87.pdf,"N.Y. Exec. Order No. 202.87 (Dec. 30, 2020)"
NY,New York County,36,61,1/3/2021,1,Yes,Official,https://www.governor.ny.gov/sites/governor.ny.gov/files/atoms/files/EO_202.87.pdf,"N.Y. Exec. Order No. 202.87 (Dec. 30, 2020)"
NY,New York County,36,61,1/4/2021,1,Yes,Official,https://www.governor.ny.gov/sites/governor.ny.gov/files/atoms/files/EO_202.87.pdf,"N.Y. Exec. Order No. 202.87 (Dec. 30, 2020)"
NY,New York County,36,61,1/5/2021,1,Yes,Official,https://www.governor.ny.gov/sites/governor.ny.gov/files/atoms/files/EO_202.87.pdf,"N.Y. Exec. Order No. 202.87 (Dec. 30, 2020)"
NY,New York County,36,61,1/6/2021,1,Yes,Official,https://www.governor.ny.gov/sites/governor.ny.gov/files/atoms/files/EO_202.87.pdf,"N.Y. Exec. Order No. 202.87 (Dec. 30, 2020)"
NY,New York County,36,61,1/7/2021,1,Yes,Official,https://www.governor.ny.gov/sites/governor.ny.gov/files/atoms/files/EO_202.87.pdf,"N.Y. Exec. Order No. 202.87 (Dec. 30, 2020)"
NY,New York County,36,61,1/8/2021,1,Yes,Official,https://www.governor.ny.gov/sites/governor.ny.gov/files/atoms/files/EO_202.87.pdf,"N.Y. Exec. Order No. 202.87 (Dec. 30, 2020)"
NY,New York County,36,61,1/9/2021,1,Yes,Official,https://www.governor.ny.gov/sites/governor.ny.gov/files/atoms/files/EO_202.87.pdf,"N.Y. Exec. Order No. 202.87 (Dec. 30, 2020)"
NY,New York County,36,61,1/10/2021,1,Yes,Official,https://www.governor.ny.gov/sites/governor.ny.gov/files/atoms/files/EO_202.87.pdf,"N.Y. Exec. Order No. 202.87 (Dec. 30, 2020)"
NY,New York County,36,61,1/11/2021,1,Yes,Official,https://www.governor.ny.gov/sites/governor.ny.gov/files/atoms/files/EO_202.87.pdf,"N.Y. Exec. Order No. 202.87 (Dec. 30, 2020)"
NY,New York County,36,61,1/12/2021,1,Yes,Official,https://www.governor.ny.gov/sites/governor.ny.gov/files/atoms/files/EO_202.87.pdf,"N.Y. Exec. Order No. 202.87 (Dec. 30, 2020)"
NY,New York County,36,61,1/13/2021,1,Yes,Official,https://www.governor.ny.gov/sites/governor.ny.gov/files/atoms/files/EO_202.87.pdf,"N.Y. Exec. Order No. 202.87 (Dec. 30, 2020)"
NY,New York County,36,61,1/14/2021,1,Yes,Official,https://www.governor.ny.gov/sites/governor.ny.gov/files/atoms/files/EO_202.87.pdf,"N.Y. Exec. Order No. 202.87 (Dec. 30, 2020)"
NY,New York County,36,61,1/15/2021,1,Yes,Official,https://www.governor.ny.gov/sites/governor.ny.gov/files/atoms/files/EO_202.87.pdf,"N.Y. Exec. Order No. 202.87 (Dec. 30, 2020)"
NY,New York County,36,61,1/16/2021,1,Yes,Official,https://www.governor.ny.gov/sites/governor.ny.gov/files/atoms/files/EO_202.87.pdf,"N.Y. Exec. Order No. 202.87 (Dec. 30, 2020)"
NY,New York County,36,61,1/17/2021,1,Yes,Official,https://www.governor.ny.gov/sites/governor.ny.gov/files/atoms/files/EO_202.87.pdf,"N.Y. Exec. Order No. 202.87 (Dec. 30, 2020)"
NY,New York County,36,61,1/18/2021,1,Yes,Official,https://www.governor.ny.gov/sites/governor.ny.gov/files/atoms/files/EO_202.87.pdf,"N.Y. Exec. Order No. 202.87 (Dec. 30, 2020)"
NY,New York County,36,61,1/19/2021,1,Yes,Official,https://www.governor.ny.gov/sites/governor.ny.gov/files/atoms/files/EO_202.87.pdf,"N.Y. Exec. Order No. 202.87 (Dec. 30, 2020)"
NY,New York County,36,61,1/20/2021,1,Yes,Official,https://www.governor.ny.gov/sites/governor.ny.gov/files/atoms/files/EO_202.87.pdf,"N.Y. Exec. Order No. 202.87 (Dec. 30, 2020)"
NY,New York County,36,61,1/21/2021,1,Yes,Official,https://www.governor.ny.gov/sites/governor.ny.gov/files/atoms/files/EO_202.87.pdf,"N.Y. Exec. Order No. 202.87 (Dec. 30, 2020)"
NY,New York County,36,61,1/22/2021,1,Yes,Official,https://www.governor.ny.gov/sites/governor.ny.gov/files/atoms/files/EO_202.87.pdf,"N.Y. Exec. Order No. 202.87 (Dec. 30, 2020)"
NY,New York County,36,61,1/23/2021,1,Yes,Official,https://www.governor.ny.gov/sites/governor.ny.gov/files/atoms/files/EO_202.87.pdf,"N.Y. Exec. Order No. 202.87 (Dec. 30, 2020)"
NY,New York County,36,61,1/24/2021,1,Yes,Official,https://www.governor.ny.gov/sites/governor.ny.gov/files/atoms/files/EO_202.87.pdf,"N.Y. Exec. Order No. 202.87 (Dec. 30, 2020)"
NY,New York County,36,61,1/25/2021,1,Yes,Official,https://www.governor.ny.gov/sites/governor.ny.gov/files/atoms/files/EO_202.87.pdf,"N.Y. Exec. Order No. 202.87 (Dec. 30, 2020)"
NY,New York County,36,61,1/26/2021,1,Yes,Official,https://www.governor.ny.gov/sites/governor.ny.gov/files/atoms/files/EO_202.87.pdf,"N.Y. Exec. Order No. 202.87 (Dec. 30, 2020)"
NY,New York County,36,61,1/27/2021,1,Yes,Official,https://www.governor.ny.gov/news/no-20292-continuing-temporary-suspension-and-modification-laws-relating-disaster-emergency,"N.Y. Exec. Order No. 202.92 (Jan. 27, 2021)"
NY,New York County,36,61,1/28/2021,1,Yes,Official,https://www.governor.ny.gov/news/no-20292-continuing-temporary-suspension-and-modification-laws-relating-disaster-emergency,"N.Y. Exec. Order No. 202.92 (Jan. 27, 2021)"
NY,New York County,36,61,1/29/2021,1,Yes,Official,https://www.governor.ny.gov/news/no-20292-continuing-temporary-suspension-and-modification-laws-relating-disaster-emergency,"N.Y. Exec. Order No. 202.92 (Jan. 27, 2021)"
NY,New York County,36,61,1/30/2021,1,Yes,Official,https://www.governor.ny.gov/news/no-20292-continuing-temporary-suspension-and-modification-laws-relating-disaster-emergency,"N.Y. Exec. Order No. 202.92 (Jan. 27, 2021)"
NY,New York County,36,61,1/31/2021,1,Yes,Official,https://www.governor.ny.gov/news/no-20292-continuing-temporary-suspension-and-modification-laws-relating-disaster-emergency,"N.Y. Exec. Order No. 202.92 (Jan. 27, 2021)"
NY,New York County,36,61,2/1/2021,1,Yes,Official,https://www.governor.ny.gov/news/no-20292-continuing-temporary-suspension-and-modification-laws-relating-disaster-emergency,"N.Y. Exec. Order No. 202.92 (Jan. 27, 2021)"
NY,New York County,36,61,2/2/2021,1,Yes,Official,https://www.governor.ny.gov/news/no-20292-continuing-temporary-suspension-and-modification-laws-relating-disaster-emergency,"N.Y. Exec. Order No. 202.92 (Jan. 27, 2021)"
NY,New York County,36,61,2/3/2021,1,Yes,Official,https://www.governor.ny.gov/news/no-20292-continuing-temporary-suspension-and-modification-laws-relating-disaster-emergency,"N.Y. Exec. Order No. 202.92 (Jan. 27, 2021)"
NY,New York County,36,61,2/4/2021,1,Yes,Official,https://www.governor.ny.gov/news/no-20292-continuing-temporary-suspension-and-modification-laws-relating-disaster-emergency,"N.Y. Exec. Order No. 202.92 (Jan. 27, 2021)"
NY,New York County,36,61,2/5/2021,1,Yes,Official,https://www.governor.ny.gov/news/no-20292-continuing-temporary-suspension-and-modification-laws-relating-disaster-emergency,"N.Y. Exec. Order No. 202.92 (Jan. 27, 2021)"
NY,New York County,36,61,2/6/2021,1,Yes,Official,https://www.governor.ny.gov/news/no-20292-continuing-temporary-suspension-and-modification-laws-relating-disaster-emergency,"N.Y. Exec. Order No. 202.92 (Jan. 27, 2021)"
NY,New York County,36,61,2/7/2021,1,Yes,Official,https://www.governor.ny.gov/news/no-20292-continuing-temporary-suspension-and-modification-laws-relating-disaster-emergency,"N.Y. Exec. Order No. 202.92 (Jan. 27, 2021)"
NY,New York County,36,61,2/8/2021,1,Yes,Official,https://www.governor.ny.gov/news/no-20292-continuing-temporary-suspension-and-modification-laws-relating-disaster-emergency,"N.Y. Exec. Order No. 202.92 (Jan. 27, 2021)"
NY,New York County,36,61,2/9/2021,1,Yes,Official,https://www.governor.ny.gov/news/no-20292-continuing-temporary-suspension-and-modification-laws-relating-disaster-emergency,"N.Y. Exec. Order No. 202.92 (Jan. 27, 2021)"
NY,New York County,36,61,2/10/2021,1,Yes,Official,https://www.governor.ny.gov/news/no-20292-continuing-temporary-suspension-and-modification-laws-relating-disaster-emergency,"N.Y. Exec. Order No. 202.92 (Jan. 27, 2021)"
NY,New York County,36,61,2/11/2021,1,Yes,Official,https://www.governor.ny.gov/news/no-20292-continuing-temporary-suspension-and-modification-laws-relating-disaster-emergency,"N.Y. Exec. Order No. 202.92 (Jan. 27, 2021)"
NY,New York County,36,61,2/12/2021,1,Yes,Official,https://www.governor.ny.gov/news/no-20292-continuing-temporary-suspension-and-modification-laws-relating-disaster-emergency,"N.Y. Exec. Order No. 202.92 (Jan. 27, 2021)"
NY,New York County,36,61,2/13/2021,1,Yes,Official,https://www.governor.ny.gov/news/no-20292-continuing-temporary-suspension-and-modification-laws-relating-disaster-emergency,"N.Y. Exec. Order No. 202.92 (Jan. 27, 2021)"
NY,New York County,36,61,2/14/2021,1,Yes,Official,https://www.governor.ny.gov/news/no-20292-continuing-temporary-suspension-and-modification-laws-relating-disaster-emergency,"N.Y. Exec. Order No. 202.92 (Jan. 27, 2021)"
NY,New York County,36,61,2/15/2021,1,Yes,Official,https://www.governor.ny.gov/news/no-20292-continuing-temporary-suspension-and-modification-laws-relating-disaster-emergency,"N.Y. Exec. Order No. 202.92 (Jan. 27, 2021)"
NY,New York County,36,61,2/16/2021,1,Yes,Official,https://www.governor.ny.gov/news/no-20292-continuing-temporary-suspension-and-modification-laws-relating-disaster-emergency,"N.Y. Exec. Order No. 202.92 (Jan. 27, 2021)"
NY,New York County,36,61,2/17/2021,1,Yes,Official,https://www.governor.ny.gov/news/no-20292-continuing-temporary-suspension-and-modification-laws-relating-disaster-emergency,"N.Y. Exec. Order No. 202.92 (Jan. 27, 2021)"
NY,New York County,36,61,2/18/2021,1,Yes,Official,https://www.governor.ny.gov/news/no-20292-continuing-temporary-suspension-and-modification-laws-relating-disaster-emergency,"N.Y. Exec. Order No. 202.92 (Jan. 27, 2021)"
NY,New York County,36,61,2/19/2021,1,Yes,Official,https://www.governor.ny.gov/news/no-20292-continuing-temporary-suspension-and-modification-laws-relating-disaster-emergency,"N.Y. Exec. Order No. 202.92 (Jan. 27, 2021)"
NY,New York County,36,61,2/20/2021,1,Yes,Official,https://www.governor.ny.gov/news/no-20292-continuing-temporary-suspension-and-modification-laws-relating-disaster-emergency,"N.Y. Exec. Order No. 202.92 (Jan. 27, 2021)"
NY,New York County,36,61,2/21/2021,1,Yes,Official,https://www.governor.ny.gov/news/no-20292-continuing-temporary-suspension-and-modification-laws-relating-disaster-emergency,"N.Y. Exec. Order No. 202.92 (Jan. 27, 2021)"
NY,New York County,36,61,2/22/2021,1,Yes,Official,https://www.governor.ny.gov/news/no-20292-continuing-temporary-suspension-and-modification-laws-relating-disaster-emergency,"N.Y. Exec. Order No. 202.92 (Jan. 27, 2021)"
NY,New York County,36,61,2/23/2021,1,Yes,Official,https://www.governor.ny.gov/news/no-20292-continuing-temporary-suspension-and-modification-laws-relating-disaster-emergency,"N.Y. Exec. Order No. 202.92 (Jan. 27, 2021)"
NY,New York County,36,61,2/24/2021,1,Yes,Official,https://www.governor.ny.gov/news/no-20292-continuing-temporary-suspension-and-modification-laws-relating-disaster-emergency,"N.Y. Exec. Order No. 202.92 (Jan. 27, 2021)"
NY,New York County,36,61,2/25/2021,1,Yes,Official,https://regs.health.ny.gov/sites/default/files/pdf/emergency_regulations/Enforcement%20of%20Social%20Distancing%20Measures_2.pdf,"10 N.Y. Reg.  66-3.1 - 66-3.5 (Feb. 25, 2021)"
NY,New York County,36,61,2/26/2021,1,Yes,Official,https://www.governor.ny.gov/news/no-20296-continuing-temporary-suspension-and-modification-laws-relating-disaster-emergency,"N.Y. Exec. Order No. 202.96 (Feb. 26, 2021)"
NY,New York County,36,61,2/27/2021,1,Yes,Official,https://www.governor.ny.gov/news/no-20296-continuing-temporary-suspension-and-modification-laws-relating-disaster-emergency,"N.Y. Exec. Order No. 202.96 (Feb. 26, 2021)"
NY,New York County,36,61,2/28/2021,1,Yes,Official,https://www.governor.ny.gov/news/no-20296-continuing-temporary-suspension-and-modification-laws-relating-disaster-emergency,"N.Y. Exec. Order No. 202.96 (Feb. 26, 2021)"
NY,New York County,36,61,3/1/2021,1,Yes,Official,https://www.governor.ny.gov/news/no-20296-continuing-temporary-suspension-and-modification-laws-relating-disaster-emergency,"N.Y. Exec. Order No. 202.96 (Feb. 26, 2021)"
NY,New York County,36,61,3/2/2021,1,Yes,Official,https://www.governor.ny.gov/news/no-20296-continuing-temporary-suspension-and-modification-laws-relating-disaster-emergency,"N.Y. Exec. Order No. 202.96 (Feb. 26, 2021)"
NY,New York County,36,61,3/3/2021,1,Yes,Official,https://www.governor.ny.gov/news/no-20296-continuing-temporary-suspension-and-modification-laws-relating-disaster-emergency,"N.Y. Exec. Order No. 202.96 (Feb. 26, 2021)"
NY,New York County,36,61,3/4/2021,1,Yes,Official,https://www.governor.ny.gov/news/no-20296-continuing-temporary-suspension-and-modification-laws-relating-disaster-emergency,"N.Y. Exec. Order No. 202.96 (Feb. 26, 2021)"
NY,New York County,36,61,3/5/2021,1,Yes,Official,https://www.governor.ny.gov/news/no-20296-continuing-temporary-suspension-and-modification-laws-relating-disaster-emergency,"N.Y. Exec. Order No. 202.96 (Feb. 26, 2021)"
NY,New York County,36,61,3/6/2021,1,Yes,Official,https://www.governor.ny.gov/news/no-20296-continuing-temporary-suspension-and-modification-laws-relating-disaster-emergency,"N.Y. Exec. Order No. 202.96 (Feb. 26, 2021)"
NY,New York County,36,61,3/7/2021,1,Yes,Official,https://www.governor.ny.gov/news/no-20296-continuing-temporary-suspension-and-modification-laws-relating-disaster-emergency,"N.Y. Exec. Order No. 202.96 (Feb. 26, 2021)"
NY,New York County,36,61,3/8/2021,1,Yes,Official,https://www.governor.ny.gov/news/no-20296-continuing-temporary-suspension-and-modification-laws-relating-disaster-emergency,"N.Y. Exec. Order No. 202.96 (Feb. 26, 2021)"
NY,New York County,36,61,3/9/2021,1,Yes,Official,https://www.governor.ny.gov/news/no-20296-continuing-temporary-suspension-and-modification-laws-relating-disaster-emergency,"N.Y. Exec. Order No. 202.96 (Feb. 26, 2021)"
NY,New York County,36,61,3/10/2021,1,Yes,Official,https://www.governor.ny.gov/news/no-20296-continuing-temporary-suspension-and-modification-laws-relating-disaster-emergency,"N.Y. Exec. Order No. 202.96 (Feb. 26, 2021)"
NY,New York County,36,61,3/11/2021,1,Yes,Official,https://www.governor.ny.gov/news/no-20296-continuing-temporary-suspension-and-modification-laws-relating-disaster-emergency,"N.Y. Exec. Order No. 202.96 (Feb. 26, 2021)"
NY,New York County,36,61,3/12/2021,1,Yes,Official,https://www.governor.ny.gov/news/no-20296-continuing-temporary-suspension-and-modification-laws-relating-disaster-emergency,"N.Y. Exec. Order No. 202.96 (Feb. 26, 2021)"
NY,New York County,36,61,3/13/2021,1,Yes,Official,https://www.governor.ny.gov/news/no-20296-continuing-temporary-suspension-and-modification-laws-relating-disaster-emergency,"N.Y. Exec. Order No. 202.96 (Feb. 26, 2021)"
NY,New York County,36,61,3/14/2021,1,Yes,Official,https://www.governor.ny.gov/news/no-20296-continuing-temporary-suspension-and-modification-laws-relating-disaster-emergency,"N.Y. Exec. Order No. 202.96 (Feb. 26, 2021)"
NY,New York County,36,61,3/15/2021,1,Yes,Official,https://www.governor.ny.gov/news/no-20296-continuing-temporary-suspension-and-modification-laws-relating-disaster-emergency,"N.Y. Exec. Order No. 202.96 (Feb. 26, 2021)"
NY,New York County,36,61,3/16/2021,1,Yes,Official,https://www.governor.ny.gov/news/no-20296-continuing-temporary-suspension-and-modification-laws-relating-disaster-emergency,"N.Y. Exec. Order No. 202.96 (Feb. 26, 2021)"
NY,New York County,36,61,3/17/2021,1,Yes,Official,https://www.governor.ny.gov/news/no-20296-continuing-temporary-suspension-and-modification-laws-relating-disaster-emergency,"N.Y. Exec. Order No. 202.96 (Feb. 26, 2021)"
NY,New York County,36,61,3/18/2021,1,Yes,Official,https://www.governor.ny.gov/news/no-20296-continuing-temporary-suspension-and-modification-laws-relating-disaster-emergency,"N.Y. Exec. Order No. 202.96 (Feb. 26, 2021)"
NY,New York County,36,61,3/19/2021,1,Yes,Official,https://www.governor.ny.gov/news/no-20296-continuing-temporary-suspension-and-modification-laws-relating-disaster-emergency,"N.Y. Exec. Order No. 202.96 (Feb. 26, 2021)"
NY,New York County,36,61,3/20/2021,1,Yes,Official,https://www.governor.ny.gov/news/no-20296-continuing-temporary-suspension-and-modification-laws-relating-disaster-emergency,"N.Y. Exec. Order No. 202.96 (Feb. 26, 2021)"
NY,New York County,36,61,3/21/2021,1,Yes,Official,https://www.governor.ny.gov/news/no-20296-continuing-temporary-suspension-and-modification-laws-relating-disaster-emergency,"N.Y. Exec. Order No. 202.96 (Feb. 26, 2021)"
NY,New York County,36,61,3/22/2021,1,Yes,Official,https://www.governor.ny.gov/news/no-20296-continuing-temporary-suspension-and-modification-laws-relating-disaster-emergency,"N.Y. Exec. Order No. 202.96 (Feb. 26, 2021)"
NY,New York County,36,61,3/23/2021,1,Yes,Official,https://www.governor.ny.gov/news/no-20296-continuing-temporary-suspension-and-modification-laws-relating-disaster-emergency,"N.Y. Exec. Order No. 202.96 (Feb. 26, 2021)"
NY,New York County,36,61,3/24/2021,1,Yes,Official,https://www.governor.ny.gov/news/no-20296-continuing-temporary-suspension-and-modification-laws-relating-disaster-emergency,"N.Y. Exec. Order No. 202.96 (Feb. 26, 2021)"
NY,New York County,36,61,3/25/2021,1,Yes,Official,https://www.governor.ny.gov/news/no-20296-continuing-temporary-suspension-and-modification-laws-relating-disaster-emergency,"N.Y. Exec. Order No. 202.96 (Feb. 26, 2021)"
NY,New York County,36,61,3/26/2021,1,Yes,Official,https://www.governor.ny.gov/sites/default/files/atoms/files/EO%20202.99.pdf,"N.Y. Exec. Order No. 202.99 (Mar. 26, 2021)"
NY,New York County,36,61,3/27/2021,1,Yes,Official,https://www.governor.ny.gov/sites/default/files/atoms/files/EO%20202.99.pdf,"N.Y. Exec. Order No. 202.99 (Mar. 26, 2021)"
NY,New York County,36,61,3/28/2021,1,Yes,Official,https://www.governor.ny.gov/sites/default/files/atoms/files/EO%20202.99.pdf,"N.Y. Exec. Order No. 202.99 (Mar. 26, 2021)"
NY,New York County,36,61,3/29/2021,1,Yes,Official,https://www.governor.ny.gov/sites/default/files/atoms/files/EO%20202.99.pdf,"N.Y. Exec. Order No. 202.99 (Mar. 26, 2021)"
NY,New York County,36,61,3/30/2021,1,Yes,Official,https://www.governor.ny.gov/sites/default/files/atoms/files/EO%20202.99.pdf,"N.Y. Exec. Order No. 202.99 (Mar. 26, 2021)"
NY,New York County,36,61,3/31/2021,1,Yes,Official,https://www.governor.ny.gov/news/no-202100-continuing-temporary-suspension-and-modification-laws-relating-disaster-emergency,"N.Y. Exec. Order No. 202.100 (Mar. 31, 2021)"
NY,New York County,36,61,4/1/2021,1,Yes,Official,https://www.governor.ny.gov/news/no-202100-continuing-temporary-suspension-and-modification-laws-relating-disaster-emergency,"N.Y. Exec. Order No. 202.100 (Mar. 31, 2021)"
NY,New York County,36,61,4/2/2021,1,Yes,Official,https://www.governor.ny.gov/news/no-202100-continuing-temporary-suspension-and-modification-laws-relating-disaster-emergency,"N.Y. Exec. Order No. 202.100 (Mar. 31, 2021)"
NY,New York County,36,61,4/3/2021,1,Yes,Official,https://www.governor.ny.gov/news/no-202100-continuing-temporary-suspension-and-modification-laws-relating-disaster-emergency,"N.Y. Exec. Order No. 202.100 (Mar. 31, 2021)"
NY,New York County,36,61,4/4/2021,1,Yes,Official,https://www.governor.ny.gov/news/no-202100-continuing-temporary-suspension-and-modification-laws-relating-disaster-emergency,"N.Y. Exec. Order No. 202.100 (Mar. 31, 2021)"
NY,New York County,36,61,4/5/2021,1,Yes,Official,https://www.governor.ny.gov/news/no-202100-continuing-temporary-suspension-and-modification-laws-relating-disaster-emergency,"N.Y. Exec. Order No. 202.100 (Mar. 31, 2021)"
NY,New York County,36,61,4/6/2021,1,Yes,Official,https://www.governor.ny.gov/sites/default/files/2021-04/EO_202.101.pdf,"N.Y. Exec. Order No. 202.101 (Apr. 6, 2021)"
NY,New York County,36,61,4/7/2021,1,Yes,Official,https://www.governor.ny.gov/sites/default/files/2021-04/EO_202.101.pdf,"N.Y. Exec. Order No. 202.101 (Apr. 6, 2021)"
NY,New York County,36,61,4/8/2021,1,Yes,Official,https://www.governor.ny.gov/sites/default/files/2021-04/EO_202.101.pdf,"N.Y. Exec. Order No. 202.101 (Apr. 6, 2021)"
NY,New York County,36,61,4/9/2021,1,Yes,Official,https://www.governor.ny.gov/sites/default/files/2021-04/EO_202.101.pdf,"N.Y. Exec. Order No. 202.101 (Apr. 6, 2021)"
NY,New York County,36,61,4/10/2021,1,Yes,Official,https://www.governor.ny.gov/sites/default/files/2021-04/EO_202.101.pdf,"N.Y. Exec. Order No. 202.101 (Apr. 6, 2021)"
NY,New York County,36,61,4/11/2021,1,Yes,Official,https://www.governor.ny.gov/sites/default/files/2021-04/EO_202.101.pdf,"N.Y. Exec. Order No. 202.101 (Apr. 6, 2021)"
NY,New York County,36,61,4/12/2021,1,Yes,Official,https://www.governor.ny.gov/sites/default/files/2021-04/EO_202.101.pdf,"N.Y. Exec. Order No. 202.101 (Apr. 6, 2021)"
NY,New York County,36,61,4/13/2021,1,Yes,Official,https://www.governor.ny.gov/sites/default/files/2021-04/EO_202.101.pdf,"N.Y. Exec. Order No. 202.101 (Apr. 6, 2021)"
NY,New York County,36,61,4/14/2021,1,Yes,Official,https://www.governor.ny.gov/sites/default/files/2021-04/EO_202.101.pdf,"N.Y. Exec. Order No. 202.101 (Apr. 6, 2021)"
NY,New York County,36,61,4/15/2021,1,Yes,Official,https://www.governor.ny.gov/sites/default/files/2021-04/EO_202.101.pdf,"N.Y. Exec. Order No. 202.101 (Apr. 6, 2021)"
NY,New York County,36,61,4/16/2021,1,Yes,Official,https://www.governor.ny.gov/sites/default/files/2021-04/EO_202.101.pdf,"N.Y. Exec. Order No. 202.101 (Apr. 6, 2021)"
NY,New York County,36,61,4/17/2021,1,Yes,Official,https://www.governor.ny.gov/sites/default/files/2021-04/EO_202.101.pdf,"N.Y. Exec. Order No. 202.101 (Apr. 6, 2021)"
NY,New York County,36,61,4/18/2021,1,Yes,Official,https://www.governor.ny.gov/sites/default/files/2021-04/EO_202.101.pdf,"N.Y. Exec. Order No. 202.101 (Apr. 6, 2021)"
NY,New York County,36,61,4/19/2021,1,Yes,Official,https://www.governor.ny.gov/sites/default/files/2021-04/EO_202_102.pdf,"N.Y. Exec. Order No. 202.102 (Apr. 19, 2021)"
NY,New York County,36,61,4/20/2021,1,Yes,Official,https://www.governor.ny.gov/sites/default/files/2021-04/EO_202_102.pdf,"N.Y. Exec. Order No. 202.102 (Apr. 19, 2021)"
NY,New York County,36,61,4/21/2021,1,Yes,Official,https://www.governor.ny.gov/sites/default/files/2021-04/EO_202_102.pdf,"N.Y. Exec. Order No. 202.102 (Apr. 19, 2021)"
NY,New York County,36,61,4/22/2021,1,Yes,Official,https://www.governor.ny.gov/sites/default/files/2021-04/EO_202_102.pdf,"N.Y. Exec. Order No. 202.102 (Apr. 19, 2021)"
NY,New York County,36,61,4/23/2021,1,Yes,Official,https://www.governor.ny.gov/sites/default/files/2021-04/EO_202_102.pdf,"N.Y. Exec. Order No. 202.102 (Apr. 19, 2021)"
NY,New York County,36,61,4/24/2021,1,Yes,Official,https://www.governor.ny.gov/sites/default/files/2021-04/EO_202_102.pdf,"N.Y. Exec. Order No. 202.102 (Apr. 19, 2021)"
NY,New York County,36,61,4/25/2021,1,Yes,Official,https://www.governor.ny.gov/sites/default/files/2021-04/EO_202_102.pdf,"N.Y. Exec. Order No. 202.102 (Apr. 19, 2021)"
NY,New York County,36,61,4/26/2021,1,Yes,Official,https://www.governor.ny.gov/sites/default/files/2021-04/EO_202_102.pdf,"N.Y. Exec. Order No. 202.102 (Apr. 19, 2021)"
NY,New York County,36,61,4/27/2021,1,Yes,Official,https://www.governor.ny.gov/sites/default/files/2021-04/EO_202.105.pdf,"N.Y. Exec. Order No. 202.105 (Apr. 27, 2021)"
NY,New York County,36,61,4/28/2021,1,Yes,Official,https://www.governor.ny.gov/sites/default/files/2021-04/EO_202.105.pdf,"N.Y. Exec. Order No. 202.105 (Apr. 27, 2021)"
NY,New York County,36,61,4/29/2021,1,Yes,Official,https://www.governor.ny.gov/sites/default/files/2021-04/EO_202.105.pdf,"N.Y. Exec. Order No. 202.105 (Apr. 27, 2021)"
NY,New York County,36,61,4/30/2021,1,Yes,Official,https://www.governor.ny.gov/sites/default/files/2021-04/EO_202.105.pdf,"N.Y. Exec. Order No. 202.105 (Apr. 27, 2021)"
NY,New York County,36,61,5/1/2021,1,Yes,Official,https://www.governor.ny.gov/sites/default/files/2021-04/EO_202.105.pdf,"N.Y. Exec. Order No. 202.105 (Apr. 27, 2021)"
NY,New York County,36,61,5/2/2021,1,Yes,Official,https://www.governor.ny.gov/sites/default/files/2021-04/EO_202.105.pdf,"N.Y. Exec. Order No. 202.105 (Apr. 27, 2021)"
NY,New York County,36,61,5/3/2021,1,Yes,Official,https://www.governor.ny.gov/sites/default/files/2021-04/EO_202.105.pdf,"N.Y. Exec. Order No. 202.105 (Apr. 27, 2021)"
NY,New York County,36,61,5/4/2021,1,Yes,Official,https://www.governor.ny.gov/sites/default/files/2021-04/EO_202.105.pdf,"N.Y. Exec. Order No. 202.105 (Apr. 27, 2021)"
NY,New York County,36,61,5/5/2021,1,Yes,Official,https://www.governor.ny.gov/sites/default/files/2021-04/EO_202.105.pdf,"N.Y. Exec. Order No. 202.105 (Apr. 27, 2021)"
NY,New York County,36,61,5/6/2021,1,Yes,Official,https://www.governor.ny.gov/sites/default/files/2021-04/EO_202.105.pdf,"N.Y. Exec. Order No. 202.105 (Apr. 27, 2021)"
NY,New York County,36,61,5/7/2021,1,Yes,Official,https://www.governor.ny.gov/sites/default/files/2021-04/EO_202.105.pdf,"N.Y. Exec. Order No. 202.105 (Apr. 27, 2021)"
NY,New York County,36,61,5/8/2021,1,Yes,Official,https://www.governor.ny.gov/sites/default/files/2021-04/EO_202.105.pdf,"N.Y. Exec. Order No. 202.105 (Apr. 27, 2021)"
NY,New York County,36,61,5/9/2021,1,Yes,Official,https://www.governor.ny.gov/sites/default/files/2021-04/EO_202.105.pdf,"N.Y. Exec. Order No. 202.105 (Apr. 27, 2021)"
NY,New York County,36,61,5/10/2021,1,Yes,Official,https://www.governor.ny.gov/sites/default/files/2021-04/EO_202.105.pdf,"N.Y. Exec. Order No. 202.105 (Apr. 27, 2021)"
NY,New York County,36,61,5/11/2021,1,Yes,Official,https://www.governor.ny.gov/sites/default/files/2021-04/EO_202.105.pdf,"N.Y. Exec. Order No. 202.105 (Apr. 27, 2021)"
NY,New York County,36,61,5/12/2021,1,Yes,Official,https://www.governor.ny.gov/sites/default/files/2021-04/EO_202.105.pdf,"N.Y. Exec. Order No. 202.105 (Apr. 27, 2021)"
NY,New York County,36,61,5/13/2021,1,Yes,Official,https://www.governor.ny.gov/sites/default/files/2021-04/EO_202.105.pdf,"N.Y. Exec. Order No. 202.105 (Apr. 27, 2021)"
NY,New York County,36,61,5/14/2021,1,Yes,Official,https://www.governor.ny.gov/sites/default/files/2021-04/EO_202.105.pdf,"N.Y. Exec. Order No. 202.105 (Apr. 27, 2021)"
NY,New York County,36,61,5/15/2021,1,Yes,Official,https://www.governor.ny.gov/sites/default/files/2021-04/EO_202.105.pdf,"N.Y. Exec. Order No. 202.105 (Apr. 27, 2021)"
NY,New York County,36,61,5/16/2021,1,Yes,Official,https://www.governor.ny.gov/sites/default/files/2021-04/EO_202.105.pdf,"N.Y. Exec. Order No. 202.105 (Apr. 27, 2021)"
NY,New York County,36,61,5/17/2021,1,Yes,Official,https://www.governor.ny.gov/sites/default/files/2021-04/EO_202.105.pdf,"N.Y. Exec. Order No. 202.105 (Apr. 27, 2021)"
NY,New York County,36,61,5/18/2021,1,Yes,Official,https://www.governor.ny.gov/sites/default/files/2021-04/EO_202.105.pdf,"N.Y. Exec. Order No. 202.105 (Apr. 27, 2021)"
NY,New York County,36,61,5/19/2021,1,Yes,Official,https://www.governor.ny.gov/sites/default/files/2021-05/EO_202_108.pdf,"N.Y. Exec. Order No. 202.108 (May 17, 2021)"
NY,New York County,36,61,5/20/2021,1,Yes,Official,https://www.governor.ny.gov/sites/default/files/2021-05/EO_202_108.pdf,"N.Y. Exec. Order No. 202.108 (May 17, 2021)"
NY,New York County,36,61,5/21/2021,1,Yes,Official,https://www.governor.ny.gov/sites/default/files/2021-05/EO_202_108.pdf,"N.Y. Exec. Order No. 202.108 (May 17, 2021)"
NY,New York County,36,61,5/22/2021,1,Yes,Official,https://www.governor.ny.gov/sites/default/files/2021-05/EO_202_108.pdf,"N.Y. Exec. Order No. 202.108 (May 17, 2021)"
NY,New York County,36,61,5/23/2021,1,Yes,Official,https://www.governor.ny.gov/sites/default/files/2021-05/EO_202_108.pdf,"N.Y. Exec. Order No. 202.108 (May 17, 2021)"
NY,New York County,36,61,5/24/2021,1,Yes,Official,https://www.governor.ny.gov/sites/default/files/2021-05/EO_202_108.pdf,"N.Y. Exec. Order No. 202.108 (May 17, 2021)"
NY,New York County,36,61,5/25/2021,1,Yes,Official,https://www.governor.ny.gov/sites/default/files/2021-05/EO_202.109.pdf,"N.Y. Exec. Order No. 202.109 (May 25, 2021)"
NY,New York County,36,61,5/26/2021,1,Yes,Official,https://www.governor.ny.gov/sites/default/files/2021-05/EO_202.109.pdf,"N.Y. Exec. Order No. 202.109 (May 25, 2021)"
NY,New York County,36,61,5/27/2021,1,Yes,Official,https://www.governor.ny.gov/sites/default/files/2021-05/EO_202.109.pdf,"N.Y. Exec. Order No. 202.109 (May 25, 2021)"
NY,New York County,36,61,5/28/2021,1,Yes,Official,https://www.governor.ny.gov/sites/default/files/2021-05/EO_202.109.pdf,"N.Y. Exec. Order No. 202.109 (May 25, 2021)"
NY,New York County,36,61,5/29/2021,1,Yes,Official,https://www.governor.ny.gov/sites/default/files/2021-05/EO_202.109.pdf,"N.Y. Exec. Order No. 202.109 (May 25, 2021)"
NY,New York County,36,61,5/30/2021,1,Yes,Official,https://www.governor.ny.gov/sites/default/files/2021-05/EO_202.109.pdf,"N.Y. Exec. Order No. 202.109 (May 25, 2021)"
NY,New York County,36,61,5/31/2021,1,Yes,Official,https://www.governor.ny.gov/sites/default/files/2021-05/EO_202.109.pdf,"N.Y. Exec. Order No. 202.109 (May 25, 2021)"
NY,New York County,36,61,6/1/2021,1,Yes,Official,https://www.governor.ny.gov/sites/default/files/2021-05/EO_202.109.pdf,"N.Y. Exec. Order No. 202.109 (May 25, 2021)"
NY,New York County,36,61,6/2/2021,1,Yes,Official,https://www.governor.ny.gov/sites/default/files/2021-05/EO_202.109.pdf,"N.Y. Exec. Order No. 202.109 (May 25, 2021)"
NY,New York County,36,61,6/3/2021,1,Yes,Official,https://www.governor.ny.gov/sites/default/files/2021-05/EO_202.109.pdf,"N.Y. Exec. Order No. 202.109 (May 25, 2021)"
NY,New York County,36,61,6/4/2021,1,Yes,Official,https://www.governor.ny.gov/sites/default/files/2021-05/EO_202.109.pdf,"N.Y. Exec. Order No. 202.109 (May 25, 2021)"
NY,New York County,36,61,6/5/2021,1,Yes,Official,https://www.governor.ny.gov/sites/default/files/2021-06/EO_202.110.pdf,"N.Y. Exec. Order No. 202.110 (June 5, 2021)"
NY,New York County,36,61,6/6/2021,1,Yes,Official,https://www.governor.ny.gov/sites/default/files/2021-06/EO_202.110.pdf,"N.Y. Exec. Order No. 202.110 (June 5, 2021)"
NY,New York County,36,61,6/7/2021,1,Yes,Official,https://www.governor.ny.gov/sites/default/files/2021-06/EO_202.110.pdf,"N.Y. Exec. Order No. 202.110 (June 5, 2021)"
NY,New York County,36,61,6/8/2021,1,Yes,Official,https://www.governor.ny.gov/sites/default/files/2021-06/EO_202.110.pdf,"N.Y. Exec. Order No. 202.110 (June 5, 2021)"
NY,New York County,36,61,6/9/2021,1,Yes,Official,https://www.governor.ny.gov/sites/default/files/2021-06/EO_202.110.pdf,"N.Y. Exec. Order No. 202.110 (June 5, 2021)"
NY,New York County,36,61,6/10/2021,1,Yes,Official,https://www.governor.ny.gov/sites/default/files/2021-06/EO_202.110.pdf,"N.Y. Exec. Order No. 202.110 (June 5, 2021)"
NY,New York County,36,61,6/11/2021,1,Yes,Official,https://www.governor.ny.gov/sites/default/files/2021-06/EO_202.110.pdf,"N.Y. Exec. Order No. 202.110 (June 5, 2021)"
NY,New York County,36,61,6/12/2021,1,Yes,Official,https://www.governor.ny.gov/sites/default/files/2021-06/EO_202.110.pdf,"N.Y. Exec. Order No. 202.110 (June 5, 2021)"
NY,New York County,36,61,6/13/2021,1,Yes,Official,https://www.governor.ny.gov/sites/default/files/2021-06/EO_202.110.pdf,"N.Y. Exec. Order No. 202.110 (June 5, 2021)"
NY,New York County,36,61,6/14/2021,1,Yes,Official,https://www.governor.ny.gov/sites/default/files/2021-06/EO_202.110.pdf,"N.Y. Exec. Order No. 202.110 (June 5, 2021)"
NY,New York County,36,61,6/15/2021,1,Yes,Official,https://www.governor.ny.gov/sites/default/files/2021-06/EO_202.110.pdf,"N.Y. Exec. Order No. 202.110 (June 5, 2021)"
NY,New York County,36,61,6/16/2021,1,Yes,Official,https://www.governor.ny.gov/sites/default/files/2021-06/EO_202.110.pdf,"N.Y. Exec. Order No. 202.110 (June 5, 2021)"
NY,New York County,36,61,6/17/2021,1,Yes,Official,https://www.governor.ny.gov/sites/default/files/2021-06/EO_202.110.pdf,"N.Y. Exec. Order No. 202.110 (June 5, 2021)"
NY,New York County,36,61,6/18/2021,1,Yes,Official,https://www.governor.ny.gov/sites/default/files/2021-06/EO_202.110.pdf,"N.Y. Exec. Order No. 202.110 (June 5, 2021)"
NY,New York County,36,61,6/19/2021,1,Yes,Official,https://www.governor.ny.gov/sites/default/files/2021-06/EO_202.110.pdf,"N.Y. Exec. Order No. 202.110 (June 5, 2021)"
NY,New York County,36,61,6/20/2021,1,Yes,Official,https://www.governor.ny.gov/sites/default/files/2021-06/EO_202.110.pdf,"N.Y. Exec. Order No. 202.110 (June 5, 2021)"
NY,New York County,36,61,6/21/2021,1,Yes,Official,https://www.governor.ny.gov/sites/default/files/2021-06/EO_202.110.pdf,"N.Y. Exec. Order No. 202.110 (June 5, 2021)"
NY,New York County,36,61,6/22/2021,1,Yes,Official,https://www.governor.ny.gov/sites/default/files/2021-06/EO_202.110.pdf,"N.Y. Exec. Order No. 202.110 (June 5, 2021)"
NY,New York County,36,61,6/23/2021,1,Yes,Official,https://www.governor.ny.gov/sites/default/files/2021-06/EO_202.110.pdf,"N.Y. Exec. Order No. 202.110 (June 5, 2021)"
NY,New York County,36,61,6/24/2021,1,Yes,Official,https://www.governor.ny.gov/sites/default/files/2021-06/EO_202.110.pdf,"N.Y. Exec. Order No. 202.110 (June 5, 2021)"
NY,New York County,36,61,6/25/2021,2,No,Official,https://www.governor.ny.gov/sites/default/files/2021-06/EO_210.pdf,"N.Y. Exec. Order No. 210 (June 25, 2021)"
NY,New York County,36,61,6/26/2021,2,No,Official,https://www.governor.ny.gov/sites/default/files/2021-06/EO_210.pdf,"N.Y. Exec. Order No. 210 (June 25, 2021)"
NY,New York County,36,61,6/27/2021,2,No,Official,https://www.governor.ny.gov/sites/default/files/2021-06/EO_210.pdf,"N.Y. Exec. Order No. 210 (June 25, 2021)"
NY,New York County,36,61,6/28/2021,2,No,Official,https://www.governor.ny.gov/sites/default/files/2021-06/EO_210.pdf,"N.Y. Exec. Order No. 210 (June 25, 2021)"
NY,New York County,36,61,6/29/2021,2,No,Official,https://www.governor.ny.gov/sites/default/files/2021-06/EO_210.pdf,"N.Y. Exec. Order No. 210 (June 25, 2021)"
NY,New York County,36,61,6/30/2021,2,No,Official,https://www.governor.ny.gov/sites/default/files/2021-06/EO_210.pdf,"N.Y. Exec. Order No. 210 (June 25, 2021)"
NY,New York County,36,61,7/1/2021,2,No,Official,https://www.governor.ny.gov/sites/default/files/2021-06/EO_210.pdf,"N.Y. Exec. Order No. 210 (June 25, 2021)"
NY,New York County,36,61,7/2/2021,2,No,Official,https://www.governor.ny.gov/sites/default/files/2021-06/EO_210.pdf,"N.Y. Exec. Order No. 210 (June 25, 2021)"
NY,New York County,36,61,7/3/2021,2,No,Official,https://www.governor.ny.gov/sites/default/files/2021-06/EO_210.pdf,"N.Y. Exec. Order No. 210 (June 25, 2021)"
NY,New York County,36,61,7/4/2021,2,No,Official,https://www.governor.ny.gov/sites/default/files/2021-06/EO_210.pdf,"N.Y. Exec. Order No. 210 (June 25, 2021)"
NY,New York County,36,61,7/5/2021,2,No,Official,https://www.governor.ny.gov/sites/default/files/2021-06/EO_210.pdf,"N.Y. Exec. Order No. 210 (June 25, 2021)"
NY,New York County,36,61,7/6/2021,2,No,Official,https://www.governor.ny.gov/sites/default/files/2021-06/EO_210.pdf,"N.Y. Exec. Order No. 210 (June 25, 2021)"
NY,New York County,36,61,7/7/2021,2,No,Official,https://www.governor.ny.gov/sites/default/files/2021-06/EO_210.pdf,"N.Y. Exec. Order No. 210 (June 25, 2021)"
NY,New York County,36,61,7/8/2021,2,No,Official,https://www.governor.ny.gov/sites/default/files/2021-06/EO_210.pdf,"N.Y. Exec. Order No. 210 (June 25, 2021)"
NY,New York County,36,61,7/9/2021,2,No,Official,https://www.governor.ny.gov/sites/default/files/2021-06/EO_210.pdf,"N.Y. Exec. Order No. 210 (June 25, 2021)"
NY,New York County,36,61,7/10/2021,2,No,Official,https://www.governor.ny.gov/sites/default/files/2021-06/EO_210.pdf,"N.Y. Exec. Order No. 210 (June 25, 2021)"
NY,New York County,36,61,7/11/2021,2,No,Official,https://www.governor.ny.gov/sites/default/files/2021-06/EO_210.pdf,"N.Y. Exec. Order No. 210 (June 25, 2021)"
NY,New York County,36,61,7/12/2021,2,No,Official,https://www.governor.ny.gov/sites/default/files/2021-06/EO_210.pdf,"N.Y. Exec. Order No. 210 (June 25, 2021)"
NY,New York County,36,61,7/13/2021,2,No,Official,https://www.governor.ny.gov/sites/default/files/2021-06/EO_210.pdf,"N.Y. Exec. Order No. 210 (June 25, 2021)"
NY,New York County,36,61,7/14/2021,2,No,Official,https://www.governor.ny.gov/sites/default/files/2021-06/EO_210.pdf,"N.Y. Exec. Order No. 210 (June 25, 2021)"
NY,New York County,36,61,7/15/2021,2,No,Official,https://www.governor.ny.gov/sites/default/files/2021-06/EO_210.pdf,"N.Y. Exec. Order No. 210 (June 25, 2021)"
NY,New York County,36,61,7/16/2021,2,No,Official,https://www.governor.ny.gov/sites/default/files/2021-06/EO_210.pdf,"N.Y. Exec. Order No. 210 (June 25, 2021)"
NY,New York County,36,61,7/17/2021,2,No,Official,https://www.governor.ny.gov/sites/default/files/2021-06/EO_210.pdf,"N.Y. Exec. Order No. 210 (June 25, 2021)"
NY,New York County,36,61,7/18/2021,2,No,Official,https://www.governor.ny.gov/sites/default/files/2021-06/EO_210.pdf,"N.Y. Exec. Order No. 210 (June 25, 2021)"
NY,New York County,36,61,7/19/2021,2,No,Official,https://www.governor.ny.gov/sites/default/files/2021-06/EO_210.pdf,"N.Y. Exec. Order No. 210 (June 25, 2021)"
NY,New York County,36,61,7/20/2021,2,No,Official,https://www.governor.ny.gov/sites/default/files/2021-06/EO_210.pdf,"N.Y. Exec. Order No. 210 (June 25, 2021)"
NY,New York County,36,61,7/21/2021,2,No,Official,https://www.governor.ny.gov/sites/default/files/2021-06/EO_210.pdf,"N.Y. Exec. Order No. 210 (June 25, 2021)"
NY,New York County,36,61,7/22/2021,2,No,Official,https://www.governor.ny.gov/sites/default/files/2021-06/EO_210.pdf,"N.Y. Exec. Order No. 210 (June 25, 2021)"
NY,New York County,36,61,7/23/2021,2,No,Official,https://www.governor.ny.gov/sites/default/files/2021-06/EO_210.pdf,"N.Y. Exec. Order No. 210 (June 25, 2021)"
NY,New York County,36,61,7/24/2021,2,No,Official,https://www.governor.ny.gov/sites/default/files/2021-06/EO_210.pdf,"N.Y. Exec. Order No. 210 (June 25, 2021)"
NY,New York County,36,61,7/25/2021,2,No,Official,https://www.governor.ny.gov/sites/default/files/2021-06/EO_210.pdf,"N.Y. Exec. Order No. 210 (June 25, 2021)"
NY,New York County,36,61,7/26/2021,2,No,Official,https://www.governor.ny.gov/sites/default/files/2021-06/EO_210.pdf,"N.Y. Exec. Order No. 210 (June 25, 2021)"
NY,New York County,36,61,7/27/2021,2,No,Official,https://www.governor.ny.gov/sites/default/files/2021-06/EO_210.pdf,"N.Y. Exec. Order No. 210 (June 25, 2021)"
NY,New York County,36,61,7/28/2021,2,No,Official,https://www.governor.ny.gov/sites/default/files/2021-06/EO_210.pdf,"N.Y. Exec. Order No. 210 (June 25, 2021)"
NY,New York County,36,61,7/29/2021,2,No,Official,https://www.governor.ny.gov/sites/default/files/2021-06/EO_210.pdf,"N.Y. Exec. Order No. 210 (June 25, 2021)"
NY,New York County,36,61,7/30/2021,2,No,Official,https://www.governor.ny.gov/sites/default/files/2021-06/EO_210.pdf,"N.Y. Exec. Order No. 210 (June 25, 2021)"
NY,New York County,36,61,7/31/2021,2,No,Official,https://www.governor.ny.gov/sites/default/files/2021-06/EO_210.pdf,"N.Y. Exec. Order No. 210 (June 25, 2021)"
NY,New York County,36,61,8/1/2021,2,No,Official,https://www.governor.ny.gov/sites/default/files/2021-06/EO_210.pdf,"N.Y. Exec. Order No. 210 (June 25, 2021)"
NY,New York County,36,61,8/2/2021,2,No,Official,https://www.governor.ny.gov/sites/default/files/2021-06/EO_210.pdf,"N.Y. Exec. Order No. 210 (June 25, 2021)"
NY,New York County,36,61,8/3/2021,2,No,Official,https://www.governor.ny.gov/sites/default/files/2021-06/EO_210.pdf,"N.Y. Exec. Order No. 210 (June 25, 2021)"
NY,New York County,36,61,8/4/2021,2,No,Official,https://www.governor.ny.gov/sites/default/files/2021-06/EO_210.pdf,"N.Y. Exec. Order No. 210 (June 25, 2021)"
NY,New York County,36,61,8/5/2021,2,No,Official,https://www.governor.ny.gov/sites/default/files/2021-06/EO_210.pdf,"N.Y. Exec. Order No. 210 (June 25, 2021)"
NY,New York County,36,61,8/6/2021,2,No,Official,https://www.governor.ny.gov/sites/default/files/2021-06/EO_210.pdf,"N.Y. Exec. Order No. 210 (June 25, 2021)"
NY,New York County,36,61,8/7/2021,2,No,Official,https://www.governor.ny.gov/sites/default/files/2021-06/EO_210.pdf,"N.Y. Exec. Order No. 210 (June 25, 2021)"
NY,New York County,36,61,8/8/2021,2,No,Official,https://www.governor.ny.gov/sites/default/files/2021-06/EO_210.pdf,"N.Y. Exec. Order No. 210 (June 25, 2021)"
NY,New York County,36,61,8/9/2021,2,No,Official,https://www.governor.ny.gov/sites/default/files/2021-06/EO_210.pdf,"N.Y. Exec. Order No. 210 (June 25, 2021)"
NY,New York County,36,61,8/10/2021,2,No,Official,https://www.governor.ny.gov/sites/default/files/2021-06/EO_210.pdf,"N.Y. Exec. Order No. 210 (June 25, 2021)"
NY,New York County,36,61,8/11/2021,2,No,Official,https://www.governor.ny.gov/sites/default/files/2021-06/EO_210.pdf,"N.Y. Exec. Order No. 210 (June 25, 2021)"
NY,New York County,36,61,8/12/2021,2,No,Official,https://www.governor.ny.gov/sites/default/files/2021-06/EO_210.pdf,"N.Y. Exec. Order No. 210 (June 25, 2021)"
NY,New York County,36,61,8/13/2021,2,No,Official,https://www.governor.ny.gov/sites/default/files/2021-06/EO_210.pdf,"N.Y. Exec. Order No. 210 (June 25, 2021)"
NY,New York County,36,61,8/14/2021,2,No,Official,https://www.governor.ny.gov/sites/default/files/2021-06/EO_210.pdf,"N.Y. Exec. Order No. 210 (June 25, 2021)"
NY,New York County,36,61,8/15/2021,2,No,Official,https://www.governor.ny.gov/sites/default/files/2021-06/EO_210.pdf,"N.Y. Exec. Order No. 210 (June 25, 2021)"
